likely: census.gov,DataViz-Lesson-Plans\01-Lesson-Plans\01-Excel\1\Activities\01-Ins_GreatDebate\Resources\Census_Data.csv 
possibly: https://www.kaggle.com/varpit94/wells-fargo-stock-data-updated-till-30jun2021,DataViz-Lesson-Plans\01-Lesson-Plans\02-VBA-Scripting\3\Activities\07-Stu_WellsFargo_Pt1\Unsolved\RAW\Florida_Wells_Fargo__Bank_Deposits.csv 
https://rstudio-pubs-static.s3.amazonaws.com/383147_0f4701a578d3447eaa0e17af60aabad8.html,DataViz-Lesson-Plans\01-Lesson-Plans\05-Matplotlib\2\Activities\03-Stu_BattlingKings-PlottingPandas\Unsolved\Resources\got.csv ,DataViz-Online\03-Lesson-Plans\05-Lessons\2\Activities\03-Stu_BattlingKings-PlottingPandas\Solved\Resources\got.csv ,DataViz-Online\03-Lesson-Plans\05-Lessons\2\Activities\03-Stu_BattlingKings-PlottingPandas\Unsolved\Resources\got.csv ,DataViz-Lesson-Plans\01-Lesson-Plans\05-Matplotlib\2\Activities\03-Stu_BattlingKings-PlottingPandas\Solved\Resources\got.csv 
https://www.kaggle.com/mirosval/personal-cars-classifieds,DataViz-Lesson-Plans\01-Lesson-Plans\05-Matplotlib\2\Activities\04-Ins_GroupPlots\Resources\used_cars.csv ,DataViz-Online\03-Lesson-Plans\05-Lessons\2\Activities\04-Ins_GroupPlots\Resources\used_cars.csv ,nflx-adv-data\01-Lesson-Plans\03-Matplotlib\01-Day\Activities\11-Ins_GroupPlots\Resources\used_cars.csv 
https://www.kaggle.com/pronto/cycle-share-dataset,DataViz-Lesson-Plans\01-Lesson-Plans\05-Matplotlib\2\Activities\05-Stu_BikeTrippin-Groupby\Resources\trip.csv ,DataViz-Online\03-Lesson-Plans\05-Lessons\2\Activities\05-Stu_BikeTrippin-Groupby\Solved\Resources\trip.csv ,DataViz-Online\03-Lesson-Plans\05-Lessons\2\Activities\05-Stu_BikeTrippin-Groupby\Unsolved\Resources\trip.csv ,DataViz-Online\03-Lesson-Plans\05-Lessons\2\Activities\06-Evr_BikeTrippin-Pivot_Resample\Solved\Resources\trip.csv ,DataViz-Online\03-Lesson-Plans\05-Lessons\2\Activities\06-Evr_BikeTrippin-Pivot_Resample\Unsolved\Resources\trip.csv 
https://archive.ics.uci.edu/ml/datasets/auto+mpg also: https://www.kaggle.com/gauravsharma99/car-mpg,DataViz-Lesson-Plans\01-Lesson-Plans\05-Matplotlib\2\Activities\06-Stu_MilesPerGallon-ScatterPlot\Resources\mpg.csv
https://www.kaggle.com/sovannt/world-bank-youth-unemployment referenced: https://github.com/SFUStatgen/SFUStat341/blob/master/Exercises2018/API_ILO_country_YU.csv,DataViz-Lesson-Plans\01-Lesson-Plans\05-Matplotlib\2\Activities\07-Ins_PandasMultiLine\Resources\unemployment_2010-2011.csv 
https://www.kaggle.com/sovannt/world-bank-youth-unemployment referenced:  https://github.com/SFUStatgen/SFUStat341/blob/master/Exercises2018/API_ILO_country_YU.csv ,DataViz-Lesson-Plans\01-Lesson-Plans\05-Matplotlib\2\Activities\07-Ins_PandasMultiLine\Resources\unemployment_2012-2014.csv 
https://www.cagematch.net/?id=8&nr=1&page=17&year=2013 ,DataViz-Lesson-Plans\01-Lesson-Plans\05-Matplotlib\2\Activities\09-Stu_WinnerWrestling-Part2\Resources\WWE-Data-2013.csv ,DataViz-Lesson-Plans\01-Lesson-Plans\05-Matplotlib\2\Activities\10-Stu_WinnerWrestling-Part3\Resources\WWE-Data-2013.csv 
https://www.cagematch.net/?id=8&nr=1&page=17&year=2014 ,DataViz-Lesson-Plans\01-Lesson-Plans\05-Matplotlib\2\Activities\08-Stu_WinnerWrestling-Part1\Resources\WWE-Data-2014.csv ,DataViz-Lesson-Plans\01-Lesson-Plans\05-Matplotlib\2\Activities\09-Stu_WinnerWrestling-Part2\Resources\WWE-Data-2014.csv ,DataViz-Lesson-Plans\01-Lesson-Plans\05-Matplotlib\2\Activities\10-Stu_WinnerWrestling-Part3\Resources\WWE-Data-2014.csv 
https://www.cagematch.net/?id=8&nr=1&page=17&year=2015 ,DataViz-Lesson-Plans\01-Lesson-Plans\05-Matplotlib\2\Activities\09-Stu_WinnerWrestling-Part2\Resources\WWE-Data-2015.csv ,DataViz-Lesson-Plans\01-Lesson-Plans\05-Matplotlib\2\Activities\10-Stu_WinnerWrestling-Part3\Resources\WWE-Data-2015.csv 
https://www.cagematch.net/?id=8&nr=1&page=17&year=2016 ,DataViz-Lesson-Plans\01-Lesson-Plans\05-Matplotlib\2\Activities\08-Stu_WinnerWrestling-Part1\Resources\WWE-Data-2016.csv ,DataViz-Lesson-Plans\01-Lesson-Plans\05-Matplotlib\2\Activities\09-Stu_WinnerWrestling-Part2\Resources\WWE-Data-2016.csv ,DataViz-Lesson-Plans\01-Lesson-Plans\05-Matplotlib\2\Activities\10-Stu_WinnerWrestling-Part3\Resources\WWE-Data-2016.csv ,DataViz-Online\03-Lesson-Plans\08-Lessons\1\Activities\02-Evr_WrestlingWithFunctions\Resources\WWE-Data-2016.csv ,DataViz-Lesson-Plans\01-Lesson-Plans\03-Python\3\Activities\08-Par_WrestlingWithFunctions\Resources\WWE-Data-2016.csv 
possibly: https://www.kaggle.com/varpit94/wells-fargo-stock-data-updated-till-30jun2021,DataViz-Lesson-Plans\01-Lesson-Plans\02-VBA-Scripting\3\Activities\07-Stu_WellsFargo_Pt1\Unsolved\RAW\Georgia_Wells_Fargo__Bank_Deposits.csv 
possibly generated using: https://www.ncdc.noaa.gov/cdo-web/datasets/GHCND/stations/GHCND:USW00023174/detail,DataViz-Lesson-Plans\01-Lesson-Plans\05-Matplotlib\3\Activities\01-Ins_Summary_Statistics\Resources\lax_temperature.csv ,DataViz-Lesson-Plans\01-Lesson-Plans\05-Matplotlib\3\Activities\02-Ins_Quartiles_and_Outliers\Resources\lax_temperature.csv ,nflx-adv-data\01-Lesson-Plans\04-Exploratory_Data_Analysis\01-Interactive_Python_Plots_with_Plotly\Activities\05-Ins_Summary_Statistics\Resources\lax_temperature.csv ,nflx-adv-data\01-Lesson-Plans\04-Exploratory_Data_Analysis\01-Interactive_Python_Plots_with_Plotly\Activities\06-Ins_Quartiles_and_Outliers\Resources\lax_temperature.csv 
possibly: https://www.kaggle.com/varpit94/wells-fargo-stock-data-updated-till-30jun2021,DataViz-Lesson-Plans\01-Lesson-Plans\02-VBA-Scripting\3\Activities\07-Stu_WellsFargo_Pt1\Unsolved\RAW\Idaho_Wells_Fargo__Bank_Deposits.csv 
https://www.kaggle.com/camnugent/california-housing-prices mirroring but see text and links here: https://necromuralist.github.io/machine-learning-studies/posts/california-housing-prices/#org93ea195,DataViz-Lesson-Plans\01-Lesson-Plans\05-Matplotlib\3\Activities\03-Stu_Summary_Stats_Python\Resources\California_Housing.csv ,nflx-adv-data\01-Lesson-Plans\04-Exploratory_Data_Analysis\01-Interactive_Python_Plots_with_Plotly\Activities\01-Ins_Basic_Plots\Resources\California_Housing.csv ,nflx-adv-data\01-Lesson-Plans\04-Exploratory_Data_Analysis\01-Interactive_Python_Plots_with_Plotly\Activities\07-Stu_Summary_Stats\Resources\California_Housing.csv ,nflx-adv-data\01-Lesson-Plans\04-Exploratory_Data_Analysis\01-Interactive_Python_Plots_with_Plotly\Activities\08-Evr_Normal_Distributions\Resources\California_Housing.csv 
possibly: ,DataViz-Lesson-Plans\01-Lesson-Plans\05-Matplotlib\3\Activities\04-Ins_Standard_Error\Resources\2019_fuel_economy.csv 
possibly generated with: https://www.who.int/data/gho/gho-search,DataViz-Lesson-Plans\01-Lesson-Plans\05-Matplotlib\3\Activities\06-Ins_Correlation_Conundrum\Resources\WHO_data.csv ,nflx-adv-data\01-Lesson-Plans\04-Exploratory_Data_Analysis\02-Summary_Statistics_and_Regression_in_Python\Activities\01-Ins_Correlation_Conundrum\Resources\WHO_data.csv 
seems to match format here: https://ucr.fbi.gov/crime-in-the-u.s/2019/crime-in-the-u.s.-2019/topic-pages/tables/table-1,DataViz-Lesson-Plans\01-Lesson-Plans\05-Matplotlib\3\Activities\09-Stu_Fits_and_Regression\Resources\crime_data.csv ,nflx-adv-data\01-Lesson-Plans\04-Exploratory_Data_Analysis\02-Summary_Statistics_and_Regression_in_Python\Activities\04-Stu_Fits_and_Regression\Resources\crime_data.csv ,nflx-adv-data\01-Lesson-Plans\05-Stats\03-ScientificMethod_DataReporting\Activities\03-Stu_CrimeData\Resources\crime_data.csv 
trivial dataset of unknown origin,DataViz-Lesson-Plans\01-Lesson-Plans\06-Python-APIs\2\Extra_Content\10-Stu_MapWrap\Resources\cities.csv 
trivial dataset of unknown origin,DataViz-Lesson-Plans\01-Lesson-Plans\06-Python-APIs\3\Activities\04-Ins_NearestRestr\Resources\ethnic_restr.csv ,DataViz-Online\03-Lesson-Plans\06-Lessons\2\Activities\04-Ins_NearestRestr\Resources\ethnic_restr.csv 
trivial city population data but possibly: http://www.citymayors.com/gratis/uscities_100.html,DataViz-Lesson-Plans\01-Lesson-Plans\06-Python-APIs\3\Activities\05-Stu_Google_Complex\Resources\Cities.csv ,DataViz-Online\03-Lesson-Plans\06-Lessons\2\Activities\05-Stu_Google_Complex\Resources\Cities.csv 
referenced: https://gt.bootcampcontent.com/Banerjee/Matplotlib_homework/blob/46e9c6a461c21687fb39460a3414ac164b546fae/06-Python-APIs/3/Activities/05-Stu_Google_Complex/Solved/Airport_Output.csv perhaps generated using https://maps.googleapis.com/maps,DataViz-Lesson-Plans\01-Lesson-Plans\06-Python-APIs\3\Activities\05-Stu_Google_Complex\Solved\Airport_Output.csv ,DataViz-Online\03-Lesson-Plans\06-Lessons\2\Activities\05-Stu_Google_Complex\Solved\Airport_Output.csv 
referenced: https://gt.bootcampcontent.com/Banerjee/Matplotlib_homework/blob/46e9c6a461c21687fb39460a3414ac164b546fae/06-Python-APIs/3/Activities/05-Stu_Google_Complex/Solved/Airport_Output.csv,DataViz-Lesson-Plans\01-Lesson-Plans\06-Python-APIs\3\Activities\07-Stu_Airport_Map\Resources\Airport_Output.csv ,DataViz-Online\03-Lesson-Plans\06-Lessons\2\Activities\07-Stu_Airport_Map\Resources\Airport_Output.csv 
likely generated using https://www.census.gov/,DataViz-Lesson-Plans\01-Lesson-Plans\06-Python-APIs\3\Activities\08-Ins_Census\Solved\census_data.csv 
possibly: https://www.kaggle.com/varpit94/wells-fargo-stock-data-updated-till-30jun2021,DataViz-Lesson-Plans\01-Lesson-Plans\02-VBA-Scripting\3\Activities\07-Stu_WellsFargo_Pt1\Unsolved\RAW\Illinois_Wells_Fargo__Bank_Deposits.csv
likely from https://www.census.gov ,DataViz-Lesson-Plans\01-Lesson-Plans\06-Python-APIs\3\Activities\09-Stu_Census_API_Gmap\Resources\state_census_data.csv 
trivial,DataViz-Lesson-Plans\01-Lesson-Plans\06-Python-APIs\3\Activities\09-Stu_Census_API_Gmap\Resources\state_centroids.csv 
likely from: https://www.census.gov/data/tables/time-series/demo/popest/2010s-state-total.html,DataViz-Lesson-Plans\01-Lesson-Plans\06-Python-APIs\3\Activities\09-Stu_Census_API_Gmap\Solved\census_data_states.csv 
likely from: https://www.census.gov/,DataViz-Lesson-Plans\01-Lesson-Plans\06-Python-APIs\3\Activities\10-Stu_BankDeserts_Heatmap\Resources\zip_bank_data.csv 
trivial ,DataViz-Lesson-Plans\01-Lesson-Plans\07-Project-1\3\Activities\03-Stu_Sardines-TTest\Resources\sardines.csv ,DataViz-Online\03-Lesson-Plans\15-Lessons\2\Activities\03-Stu_Sardines\Resources\sardines.csv 
unknown ,DataViz-Lesson-Plans\01-Lesson-Plans\07-Project-1\3\Activities\04-Ins_ANOVA\Resources\mosquito.csv ,DataViz-Online\03-Lesson-Plans\15-Lessons\2\Activities\04-Ins_ANOVA\Resources\mosquito.csv ,nflx-adv-data\01-Lesson-Plans\05-Stats\02-Sampling_Experimentation_ConfidenceIntervals\Activities\05-Ins_ANOVA\Resources\mosquito.csv 
Likely from the nih with copyright issues...see https://www.ncbi.nlm.nih.gov/pmc/articles/PMC4760865/,DataViz-Lesson-Plans\01-Lesson-Plans\07-Project-1\3\Activities\05-Stu_ANOVA\Resources\hair.csv ,DataViz-Online\03-Lesson-Plans\15-Lessons\2\Activities\05-Stu_ANOVA\Resources\hair.csv 
unknown ,DataViz-Lesson-Plans\01-Lesson-Plans\09-SQL\1\Activities\06-Ins_Importing_Data\Resources\birdsong.csv ,DataViz-Online\03-Lesson-Plans\07-Lessons\1\Activities\03-Ins_Importing_Data\Resources\birdsong.csv 
https://www.kaggle.com/anneloes/wordgame?select=wordgame_20180814.csv,DataViz-Lesson-Plans\01-Lesson-Plans\09-SQL\1\Activities\07-Stu_Hide_and_Seek\Resources\WordAssociation_AC.csv ,DataViz-Online\03-Lesson-Plans\07-Lessons\1\Activities\04-Stu_Hide_and_Seek\Resources\WordAssociation_AC.csv 
https://www.kaggle.com/anneloes/wordgame?select=wordgame_20170721.csv,DataViz-Lesson-Plans\01-Lesson-Plans\09-SQL\1\Activities\07-Stu_Hide_and_Seek\Resources\WordAssociation_BC.csv ,DataViz-Online\03-Lesson-Plans\07-Lessons\1\Activities\04-Stu_Hide_and_Seek\Resources\WordAssociation_BC.csv 
perhaps https://www.kaggle.com/andrewshooman/wells-fargo,DataViz-Lesson-Plans\01-Lesson-Plans\02-VBA-Scripting\3\Activities\07-Stu_WellsFargo_Pt1\Unsolved\RAW\Indiana_Wells_Fargo__Bank_Deposits.csv 
https://www.kaggle.com/oghulk/military-strength-exploration,DataViz-Lesson-Plans\01-Lesson-Plans\09-SQL\1\Activities\08-Stu_CRUD\Resources\GlobalFirePower.csv ,DataViz-Online\03-Lesson-Plans\07-Lessons\1\Activities\05-Evr_CRUD\Resources\GlobalFirePower.csv 
https://www.kaggle.com/anuj8june/wta-matches-and-rankings-comprehensive-analysis,DataViz-Lesson-Plans\01-Lesson-Plans\09-SQL\1\Activities\09-Ins_Joins\Resources\matches.csv ,DataViz-Online\01-Assignments\09-Surfs_Up\Unit-Assessment-Databases\resources\matches.csv ,DataViz-Online\03-Lesson-Plans\07-Lessons\1\Activities\06-Ins_Joins\Resources\matches.csv 
https://www.kaggle.com/anuj8june/wta-matches-and-rankings-comprehensive-analysis,DataViz-Lesson-Plans\01-Lesson-Plans\09-SQL\1\Activities\09-Ins_Joins\Resources\players.csv ,DataViz-Online\01-Assignments\09-Surfs_Up\Unit-Assessment-Databases\resources\players.csv ,DataViz-Online\03-Lesson-Plans\07-Lessons\1\Activities\06-Ins_Joins\Resources\players.csv 
https://www.kaggle.com/drgilermo/nba-players-stats/data?source=post_page-----b02e0c708494----------------------,DataViz-Lesson-Plans\01-Lesson-Plans\09-SQL\1\Activities\10-Stu_Joins\Resources\Players.csv ,DataViz-Online\03-Lesson-Plans\07-Lessons\1\Activities\07-Stu_Joins\Resources\Players.csv 
https://www.kaggle.com/drgilermo/nba-players-stats scraped from: https://www.basketball-reference.com/,DataViz-Lesson-Plans\01-Lesson-Plans\09-SQL\1\Activities\10-Stu_Joins\Resources\Seasons_Stats.csv ,DataViz-Online\03-Lesson-Plans\07-Lessons\1\Activities\07-Stu_Joins\Resources\Seasons_Stats.csv 
likely https://www.kaggle.com/drgilermo/nba-players-stats scraped from: https://www.basketball-reference.com/,DataViz-Lesson-Plans\01-Lesson-Plans\09-SQL\2\Activities\01-Evr_Import_Data\Resources\actor.csv ,DataViz-Online\03-Lesson-Plans\07-Lessons\2\Activities\01-Evr_Import_Data\Resources\CSVs\actor.csv ,nflx-adv-data\01-Lesson-Plans\06-SQL\01-Introduction_to_Databases\Activities\03_Evr_Import_Data\Resources\actor.csv 
sakila database: https://dev.mysql.com/doc/index-other.html,DataViz-Lesson-Plans\01-Lesson-Plans\09-SQL\2\Activities\01-Evr_Import_Data\Resources\address.csv ,DataViz-Online\03-Lesson-Plans\07-Lessons\2\Activities\01-Evr_Import_Data\Resources\CSVs\address.csv ,nflx-adv-data\01-Lesson-Plans\06-SQL\01-Introduction_to_Databases\Activities\03_Evr_Import_Data\Resources\address.csv 
sakila database: https://dev.mysql.com/doc/index-other.html,DataViz-Lesson-Plans\01-Lesson-Plans\09-SQL\2\Activities\01-Evr_Import_Data\Resources\category.csv 
sakila database: https://dev.mysql.com/doc/index-other.html,DataViz-Lesson-Plans\01-Lesson-Plans\09-SQL\2\Activities\01-Evr_Import_Data\Resources\city.csv ,DataViz-Online\03-Lesson-Plans\07-Lessons\2\Activities\01-Evr_Import_Data\Resources\CSVs\city.csv ,nflx-adv-data\01-Lesson-Plans\06-SQL\01-Introduction_to_Databases\Activities\03_Evr_Import_Data\Resources\city.csv 
again sakila sakila database: https://dev.mysql.com/doc/index-other.html see https://www.sakilademo.com/address-browse,DataViz-Lesson-Plans\01-Lesson-Plans\09-SQL\2\Activities\01-Evr_Import_Data\Resources\country.csv ,DataViz-Online\03-Lesson-Plans\07-Lessons\2\Activities\01-Evr_Import_Data\Resources\CSVs\country.csv ,nflx-adv-data\01-Lesson-Plans\06-SQL\01-Introduction_to_Databases\Activities\03_Evr_Import_Data\Resources\country.csv 
matches pagila database https://dataedo.com/samples/html/Pagila/doc/Pagila_10/tables/public_staff_3929.html see https://github.com/morenoh149/postgresDBSamples/blob/master/pagila-0.10.1/pagila-insert-data.sql,DataViz-Lesson-Plans\01-Lesson-Plans\02-VBA-Scripting\3\Activities\07-Stu_WellsFargo_Pt1\Unsolved\RAW\Iowa_Wells_Fargo__Bank_Deposits.csv 
possibly: https://www.kaggle.com/varpit94/wells-fargo-stock-data-updated-till-30jun2021,DataViz-Lesson-Plans\01-Lesson-Plans\09-SQL\2\Activities\01-Evr_Import_Data\Resources\customer.csv ,DataViz-Online\03-Lesson-Plans\07-Lessons\2\Activities\01-Evr_Import_Data\Resources\CSVs\customer.csv ,nflx-adv-data\01-Lesson-Plans\06-SQL\01-Introduction_to_Databases\Activities\03_Evr_Import_Data\Resources\customer.csv 
sakila database: https://dev.mysql.com/doc/index-other.html,DataViz-Lesson-Plans\01-Lesson-Plans\09-SQL\2\Activities\01-Evr_Import_Data\Resources\customer_list.csv ,DataViz-Online\03-Lesson-Plans\07-Lessons\2\Activities\01-Evr_Import_Data\Resources\CSVs\customer_list.csv ,nflx-adv-data\01-Lesson-Plans\06-SQL\01-Introduction_to_Databases\Activities\03_Evr_Import_Data\Resources\customer_list.csv 
sakila database: https://dev.mysql.com/doc/index-other.html,DataViz-Lesson-Plans\01-Lesson-Plans\09-SQL\2\Activities\01-Evr_Import_Data\Resources\film.csv ,DataViz-Online\03-Lesson-Plans\07-Lessons\2\Activities\01-Evr_Import_Data\Resources\CSVs\film.csv ,nflx-adv-data\01-Lesson-Plans\06-SQL\01-Introduction_to_Databases\Activities\03_Evr_Import_Data\Resources\film.csv 
sakila database: https://dev.mysql.com/doc/index-other.html also see: https://github.com/HaLenB/playground/blob/master/files/normal.csv,DataViz-Lesson-Plans\01-Lesson-Plans\09-SQL\2\Activities\01-Evr_Import_Data\Resources\film_actor.csv ,DataViz-Online\03-Lesson-Plans\07-Lessons\2\Activities\01-Evr_Import_Data\Resources\CSVs\film_actor.csv ,nflx-adv-data\01-Lesson-Plans\06-SQL\01-Introduction_to_Databases\Activities\03_Evr_Import_Data\Resources\film_actor.csv 
sakila database: https://dev.mysql.com/doc/index-other.html,DataViz-Lesson-Plans\01-Lesson-Plans\09-SQL\2\Activities\01-Evr_Import_Data\Resources\film_category.csv 
sakila database: https://dev.mysql.com/doc/index-other.html,DataViz-Lesson-Plans\01-Lesson-Plans\09-SQL\2\Activities\01-Evr_Import_Data\Resources\inventory.csv ,DataViz-Online\03-Lesson-Plans\07-Lessons\2\Activities\01-Evr_Import_Data\Resources\CSVs\inventory.csv ,nflx-adv-data\01-Lesson-Plans\06-SQL\01-Introduction_to_Databases\Activities\03_Evr_Import_Data\Resources\inventory.csv 
sakila database: https://dev.mysql.com/doc/index-other.html,DataViz-Lesson-Plans\01-Lesson-Plans\09-SQL\2\Activities\01-Evr_Import_Data\Resources\language.csv 
trivial,DataViz-Lesson-Plans\01-Lesson-Plans\09-SQL\2\Activities\01-Evr_Import_Data\Resources\payment.csv ,DataViz-Online\03-Lesson-Plans\07-Lessons\2\Activities\01-Evr_Import_Data\Resources\CSVs\payment.csv ,nflx-adv-data\01-Lesson-Plans\06-SQL\01-Introduction_to_Databases\Activities\03_Evr_Import_Data\Resources\payment.csv ,nflx-adv-data\02-Assignments\08-Optimizing_PySpark\01-SkillDrill\Resources\payment.csv 
sakila database: https://dev.mysql.com/doc/index-other.html,DataViz-Lesson-Plans\01-Lesson-Plans\09-SQL\2\Activities\01-Evr_Import_Data\Resources\rental.csv ,DataViz-Online\03-Lesson-Plans\07-Lessons\2\Activities\01-Evr_Import_Data\Resources\CSVs\rental.csv ,nflx-adv-data\01-Lesson-Plans\06-SQL\01-Introduction_to_Databases\Activities\03_Evr_Import_Data\Resources\rental.csv ,nflx-adv-data\02-Assignments\08-Optimizing_PySpark\01-SkillDrill\Resources\rental.csv 
sakila database: https://dev.mysql.com/doc/index-other.html,DataViz-Lesson-Plans\01-Lesson-Plans\09-SQL\2\Activities\01-Evr_Import_Data\Resources\staff.csv ,DataViz-Online\03-Lesson-Plans\07-Lessons\2\Activities\01-Evr_Import_Data\Resources\CSVs\staff.csv ,nflx-adv-data\01-Lesson-Plans\06-SQL\01-Introduction_to_Databases\Activities\03_Evr_Import_Data\Resources\staff.csv 
sakila database: https://dev.mysql.com/doc/index-other.html,DataViz-Lesson-Plans\01-Lesson-Plans\02-VBA-Scripting\3\Activities\07-Stu_WellsFargo_Pt1\Unsolved\RAW\Kansas_Wells_Fargo__Bank_Deposits.csv 
possibly: https://www.kaggle.com/varpit94/wells-fargo-stock-data-updated-till-30jun2021,DataViz-Lesson-Plans\01-Lesson-Plans\09-SQL\2\Activities\01-Evr_Import_Data\Resources\store.csv ,DataViz-Online\03-Lesson-Plans\07-Lessons\2\Activities\01-Evr_Import_Data\Resources\CSVs\store.csv ,nflx-adv-data\01-Lesson-Plans\06-SQL\01-Introduction_to_Databases\Activities\03_Evr_Import_Data\Resources\store.csv 
probably sakila database: https://dev.mysql.com/doc/index-other.html,DataViz-Lesson-Plans\01-Lesson-Plans\09-SQL\3\Activities\02-Stu_Data_Normalization\Resources\pets.csv 
perhaps trivial,DataViz-Lesson-Plans\01-Lesson-Plans\09-SQL\3\Activities\02-Stu_Data_Normalization\Solved\pets_cleaned.csv 
perhaps trivial,DataViz-Lesson-Plans\01-Lesson-Plans\10-Advanced-Data-Storage-and-Retrieval\1\Activities\01-Ins_BasicSQL_Connection\Resources\Census_Data.csv ,DataViz-Lesson-Plans\01-Lesson-Plans\10-Advanced-Data-Storage-and-Retrieval\1\Activities\03-Ins_ReadSQL\Resources\Census_Data.csv ,DataViz-Lesson-Plans\01-Lesson-Plans\10-Advanced-Data-Storage-and-Retrieval\1\Activities\04-Stu_ReadAllTheSQLs\Resources\Census_Data.csv ,DataViz-Online\03-Lesson-Plans\09-Lessons\1\Activities\01-Evr_BasicSQL_Connection\Resources\Census_Data.csv 
likely: census.gov,DataViz-Lesson-Plans\01-Lesson-Plans\10-Advanced-Data-Storage-and-Retrieval\1\Activities\02-Stu_IceCreamConnection\Resources\icecreamstore.csv 
perhaps trivial,DataViz-Lesson-Plans\01-Lesson-Plans\10-Advanced-Data-Storage-and-Retrieval\1\Activities\04-Stu_ReadAllTheSQLs\Resources\zip_census.csv 
likely: census.gov,DataViz-Lesson-Plans\01-Lesson-Plans\13-ETL-Project\1\Activities\01-Ins_ETL_Pandas\Resources\customer_data.csv 
unknown,DataViz-Lesson-Plans\01-Lesson-Plans\13-ETL-Project\1\Activities\02-Stu_ETL_Pandas_Local\Resources\CountyLicenseCount.csv 
possibly: https://www.kaggle.com/varpit94/wells-fargo-stock-data-updated-till-30jun2021,DataViz-Lesson-Plans\01-Lesson-Plans\02-VBA-Scripting\3\Activities\07-Stu_WellsFargo_Pt1\Unsolved\RAW\Maryland_Wells_Fargo__Bank_Deposits.csv 
unknown,DataViz-Lesson-Plans\01-Lesson-Plans\13-ETL-Project\1\Activities\02-Stu_ETL_Pandas_Local\Resources\LicensePremise.csv 
unknown,DataViz-Lesson-Plans\01-Lesson-Plans\14-Intro-To-JavaScript\2\Extra_Content\Activities\Extra-Stu_HTML_Table\Resources\userData.csv 
https://www.stat.pitt.edu/sungkyu/course/1301Fall14/flicker.txt https://www.stat.pitt.edu/sungkyu/course/1301Fall14/programs.html,DataViz-Lesson-Plans\01-Lesson-Plans\15-Interactive-Visualizations-and-Dashboards\1\Activities\02-Stu_First_Chart\Unsolved\eye_flicker.csv ,DataViz-Online\03-Lesson-Plans\12-Lessons\1\Activities\02-Stu_First_Chart\Unsolved\eye_flicker.csv 
trivial but: https://www.coursehero.com/file/43398538/hours-of-tv-watchedcsv/,DataViz-Lesson-Plans\01-Lesson-Plans\16-D3\2\Activities\02-Ins_Loading_Data\Solved\hours-of-tv-watched.csv ,DataViz-Lesson-Plans\01-Lesson-Plans\16-D3\2\Activities\02-Ins_Loading_Data\Unsolved\hours-of-tv-watched.csv ,DataViz-Lesson-Plans\01-Lesson-Plans\16-D3\2\Activities\03-Par_BarChart_From_CSV\Solved\hours-of-tv-watched.csv ,DataViz-Lesson-Plans\01-Lesson-Plans\16-D3\2\Activities\03-Par_BarChart_From_CSV\Unsolved\hours-of-tv-watched.csv ,DataViz-Lesson-Plans\01-Lesson-Plans\16-D3\2\Activities\06-Stu_Complete_Bar_Chart\Solved\hours-of-tv-watched.csv ,DataViz-Lesson-Plans\01-Lesson-Plans\16-D3\2\Activities\06-Stu_Complete_Bar_Chart\Unsolved\hours-of-tv-watched.csv ,DataViz-Lesson-Plans\01-Lesson-Plans\16-D3\2\Extra_Content\Extra_Responsive_Chart\hours-of-tv-watched.csv 
likely from https://nchstats.com/category/life-expectancy/,DataViz-Lesson-Plans\01-Lesson-Plans\16-D3\2\Activities\08-Stu_Generating_Lines\Solved\NCHS_life_expectancy_at_birth.csv ,DataViz-Lesson-Plans\01-Lesson-Plans\16-D3\2\Activities\08-Stu_Generating_Lines\Unsolved\NCHS_life_expectancy_at_birth.csv 
possibly: https://www.kaggle.com/varpit94/wells-fargo-stock-data-updated-till-30jun2021,DataViz-Lesson-Plans\01-Lesson-Plans\02-VBA-Scripting\3\Activities\07-Stu_WellsFargo_Pt1\Unsolved\RAW\Michigan_Wells_Fargo__Bank_Deposits.csv 
trivial but perhaps https://www.forcepoint.com/support/forcepoint-technical-support,DataViz-Lesson-Plans\01-Lesson-Plans\16-D3\2\Activities\09-Ins_LineChart\Solved\forcepoints.csv ,DataViz-Lesson-Plans\01-Lesson-Plans\16-D3\2\Activities\09-Ins_LineChart\Unsolved\forcepoints.csv 
trivial,DataViz-Lesson-Plans\01-Lesson-Plans\16-D3\2\Activities\10-Stu_LineChart\Solved\miles-walked-this-month.csv ,DataViz-Lesson-Plans\01-Lesson-Plans\16-D3\2\Activities\10-Stu_LineChart\Unsolved\miles-walked-this-month.csv 
unknown but trivial,DataViz-Lesson-Plans\01-Lesson-Plans\16-D3\3\Activities\01-Evr_Multiline\Solved\donuts.csv 
unknown but trivial,DataViz-Lesson-Plans\01-Lesson-Plans\16-D3\3\Activities\01-Evr_Multiline\Unsolved\donuts.csv 
unknown but trivial,DataViz-Lesson-Plans\01-Lesson-Plans\16-D3\3\Activities\02-Evr_Multiple_Axes\Solved\donuts.csv ,DataViz-Lesson-Plans\01-Lesson-Plans\16-D3\3\Activities\02-Evr_Multiple_Axes\Unsolved\donuts.csv ,DataViz-Lesson-Plans\01-Lesson-Plans\16-D3\3\Activities\03-Evr_Readability\Solved\donuts.csv ,DataViz-Lesson-Plans\01-Lesson-Plans\16-D3\3\Activities\03-Evr_Readability\Unsolved\mojoData.csv 
unknown,DataViz-Lesson-Plans\01-Lesson-Plans\02-VBA-Scripting\3\Activities\07-Stu_WellsFargo_Pt1\Unsolved\RAW\Minnesota_Wells_Fargo__Bank_Deposits.csv 
not origin but also used here: https://www.coursehero.com/file/43394612/datacsv/,DataViz-Lesson-Plans\01-Lesson-Plans\16-D3\3\Activities\04-Stu_Multi_Lines_Axes\Solved\data.csv ,DataViz-Lesson-Plans\01-Lesson-Plans\16-D3\3\Activities\04-Stu_Multi_Lines_Axes\Unsolved\data.csv 
trivial,DataViz-Lesson-Plans\01-Lesson-Plans\16-D3\3\Activities\07-Stu_Add_Tooltips\Solved\norway_medals.csv ,DataViz-Lesson-Plans\01-Lesson-Plans\16-D3\3\Activities\07-Stu_Add_Tooltips\Unsolved\norway_medals.csv ,DataViz-Lesson-Plans\01-Lesson-Plans\16-D3\3\Activities\08-Ins_D3_Tip\Solved\norway_medals.csv ,DataViz-Lesson-Plans\01-Lesson-Plans\16-D3\3\Activities\08-Ins_D3_Tip\Unsolved\norway_medals.csv 
https://www.coursehero.com/file/43399210/hairDatacsv/,DataViz-Lesson-Plans\01-Lesson-Plans\16-D3\3\Activities\09-Stu_Hair_Metal\Solved\hairData.csv ,DataViz-Lesson-Plans\01-Lesson-Plans\16-D3\3\Activities\09-Stu_Hair_Metal\Unsolved\hairData.csv 
unknown,DataViz-Lesson-Plans\01-Lesson-Plans\02-VBA-Scripting\3\Activities\07-Stu_WellsFargo_Pt1\Unsolved\RAW\Alabama_Wells_Fargo_Bank_Deposits.csv ,DataViz-Lesson-Plans\01-Lesson-Plans\02-VBA-Scripting\3\Activities\07-Stu_WellsFargo_Pt1\Unsolved\RAW\Alaska_Wells_Fargo_Bank_Deposits_Backup.csv 
unknown,DataViz-Lesson-Plans\01-Lesson-Plans\02-VBA-Scripting\3\Activities\07-Stu_WellsFargo_Pt1\Unsolved\RAW\Mississippi_Wells_Fargo__Bank_Deposits.csv 
https://www.coursehero.com/file/43399210/hairDatacsv/,DataViz-Lesson-Plans\01-Lesson-Plans\16-D3\3\Activities\12-Par_Hair_Metal_Conclusion\Solved\hairData.csv ,DataViz-Lesson-Plans\01-Lesson-Plans\16-D3\3\Activities\12-Par_Hair_Metal_Conclusion\Unsolved\hairData.csv 
https://www.coursehero.com/file/43392757/dataSetcsv/,DataViz-Lesson-Plans\01-Lesson-Plans\18-R\1\Activities\04_Ins_Navigation\Resources\data.csv ,DataViz-Lesson-Plans\01-Lesson-Plans\18-R\1\Activities\04_Ins_Navigation\Solved\data.csv ,DataViz-Lesson-Plans\01-Lesson-Plans\18-R\2\Activities\02-Ins_Tibbles\Resources\dataSet.csv ,DataViz-Lesson-Plans\01-Lesson-Plans\18-R\2\Activities\02-Ins_Tibbles\Solved\dataSet.csv ,DataViz-Online\03-Lesson-Plans\04-Lessons\1\Activities\02-Ins_DataFunctions\Solved\Resources\dataSet.csv ,DataViz-Online\03-Lesson-Plans\15-Lessons\1\Activities\04_Ins_Navigation\Resources\data.csv ,DataViz-Online\03-Lesson-Plans\15-Lessons\1\Activities\04_Ins_Navigation\Solved\data.csv ,nflx-adv-data\01-Lesson-Plans\02-Pandas\03-DataFrame_Functions_and_GitHub_Setup\Activities\01-Ins_DataFunctions\Resources\dataSet.csv ,DataViz-Lesson-Plans\01-Lesson-Plans\04-Pandas\1\Activities\05-Ins_DataFunctions\Solved\Resources\dataSet.csv 
reproduced here: https://github.com/patrol7171/Academy-of-Py/blob/master/raw_data/students_complete.csv,DataViz-Lesson-Plans\01-Lesson-Plans\18-R\1\Activities\06_Stu_Tibble\Resources\students.csv ,DataViz-Lesson-Plans\01-Lesson-Plans\18-R\1\Activities\06_Stu_Tibble\Solved\students.csv ,DataViz-Lesson-Plans\01-Lesson-Plans\18-R\2\Activities\05-School_Tibble\Resources\students.csv ,DataViz-Lesson-Plans\01-Lesson-Plans\18-R\2\Activities\05-School_Tibble\Solved\students.csv ,DataViz-Lesson-Plans\02-Homework\04-Pandas\Solutions\PyCitySchools\Resources\students_complete.csv ,DataViz-Online\01-Assignments\04-PyCitySchools\Resources\students_complete.csv 
https://www.kaggle.com/NUFORC/ufo-sightings,DataViz-Lesson-Plans\01-Lesson-Plans\18-R\2\Activities\01-Stu_UFO_Pipes\Resources\ufo.csv ,DataViz-Lesson-Plans\01-Lesson-Plans\18-R\2\Activities\01-Stu_UFO_Pipes\Solved\ufo.csv ,DataViz-Lesson-Plans\01-Lesson-Plans\18-R\2\Activities\01-Stu_UFO_Pipes\Unsolved\ufo.csv 
unknown,DataViz-Lesson-Plans\01-Lesson-Plans\02-VBA-Scripting\3\Activities\07-Stu_WellsFargo_Pt1\Unsolved\RAW\Missouri_Wells_Fargo__Bank_Deposits.csv 
,DataViz-Lesson-Plans\01-Lesson-Plans\18-R\2\Activities\05-School_Tibble\Resources\schools.csv ,DataViz-Lesson-Plans\01-Lesson-Plans\18-R\2\Activities\05-School_Tibble\Solved\schools.csv ,DataViz-Lesson-Plans\02-Homework\04-Pandas\Solutions\PyCitySchools\Resources\schools_complete.csv ,DataViz-Online\01-Assignments\04-PyCitySchools\Resources\schools_complete.csv 
,DataViz-Lesson-Plans\01-Lesson-Plans\20-Tableau\1\Activities\04-Stu_NoShow_Visualization\Resources\no_shows.csv ,DataViz-Online\03-Lesson-Plans\14-Lessons\1\Activities\04-Stu_NoShow_Visualization\Resources\no_shows.csv 
,DataViz-Lesson-Plans\01-Lesson-Plans\20-Tableau\1\Activities\05-Ins_EasyJoins\Resources\GlobalSuperstoreReturns2016.csv 
,DataViz-Lesson-Plans\01-Lesson-Plans\20-Tableau\1\Activities\06-Stu_FIFA_Player_Analysis\Resources\PlayerAttributeData.csv 
,DataViz-Lesson-Plans\01-Lesson-Plans\20-Tableau\1\Activities\06-Stu_FIFA_Player_Analysis\Resources\PlayerPersonalData.csv 
,DataViz-Lesson-Plans\01-Lesson-Plans\20-Tableau\1\Activities\06-Stu_FIFA_Player_Analysis\Resources\PlayerPlayingPositionData.csv 
,DataViz-Lesson-Plans\01-Lesson-Plans\02-VBA-Scripting\3\Activities\07-Stu_WellsFargo_Pt1\Unsolved\RAW\Montana_Wells_Fargo_Bank_Deposits.csv 
,DataViz-Lesson-Plans\01-Lesson-Plans\20-Tableau\1\Activities\07-Stu_UltimateCandy_Marks\Resources\candy-data.csv ,DataViz-Online\03-Lesson-Plans\14-Lessons\1\Activities\05-Stu_UltimateCandy_Marks\Resources\candy-data.csv ,nflx-adv-data\01-Lesson-Plans\04-Exploratory_Data_Analysis\01-Interactive_Python_Plots_with_Plotly\Activities\04-Stu_Layout\Resources\candy-data.csv 
,DataViz-Lesson-Plans\01-Lesson-Plans\20-Tableau\1\Activities\09-Stu_DegreesPay_Story\Resources\degrees-that-pay-back.csv 
,DataViz-Lesson-Plans\01-Lesson-Plans\20-Tableau\1\Activities\09-Stu_DegreesPay_Story\Resources\salaries-by-college-type.csv 
,DataViz-Lesson-Plans\01-Lesson-Plans\20-Tableau\1\Activities\09-Stu_DegreesPay_Story\Resources\salaries-by-region.csv 
,DataViz-Lesson-Plans\01-Lesson-Plans\20-Tableau\1\Extra_Content\Activities\Extras\Resources\Columbus.csv 
,DataViz-Lesson-Plans\01-Lesson-Plans\20-Tableau\2\Activities\01-Stu-Warmup\Resources\IPEDS_data.csv 
,DataViz-Lesson-Plans\01-Lesson-Plans\20-Tableau\2\Activities\03-Stu-Groups_Sets\Resources\akc_breed_info.csv 
,DataViz-Lesson-Plans\01-Lesson-Plans\20-Tableau\2\Activities\03-Stu-Groups_Sets\Resources\dog_intelligence.csv 
,DataViz-Lesson-Plans\01-Lesson-Plans\20-Tableau\2\Activities\05-Stu-Calculations\Resources\vehicle_collisions_nyc.csv ,DataViz-Online\03-Lesson-Plans\14-Lessons\1\Activities\06-Evr-Calculations\Resources\vehicle_collisions_nyc.csv 
,DataViz-Lesson-Plans\01-Lesson-Plans\20-Tableau\2\Activities\07-Stu-Maps1\Resources\earthquakes_database.csv ,DataViz-Online\03-Lesson-Plans\14-Lessons\2\Activities\03-Evr_Maps\Resources\earthquakes_database.csv ,nflx-adv-data\02-Assignments\04-Exploratory_Data_Analysis\02-Unit_2_3_Assessment\Solved\earthquakes_database.csv ,nflx-adv-data\02-Assignments\04-Exploratory_Data_Analysis\02-Unit_2_3_Assessment\Unsolved\earthquakes_database.csv 
,DataViz-Lesson-Plans\01-Lesson-Plans\02-VBA-Scripting\3\Activities\07-Stu_WellsFargo_Pt1\Unsolved\RAW\Nebraska_Wells_Fargo_Bank_Deposits.csv 
,DataViz-Lesson-Plans\01-Lesson-Plans\20-Tableau\2\Activities\07-Stu-Maps1\Resources\student_earthquakes_database.csv ,DataViz-Online\03-Lesson-Plans\14-Lessons\2\Activities\03-Evr_Maps\Resources\student_earthquakes_database.csv 
,DataViz-Lesson-Plans\01-Lesson-Plans\20-Tableau\2\Activities\08-Stu-Maps2\Resources\employment.csv ,DataViz-Online\03-Lesson-Plans\14-Lessons\2\Activities\03-Evr_Maps\Resources\employment.csv 
,DataViz-Lesson-Plans\01-Lesson-Plans\20-Tableau\2\Activities\10-Stu-Dashboard\Resources\bar_locations.csv 
,DataViz-Lesson-Plans\01-Lesson-Plans\20-Tableau\2\Activities\10-Stu-Dashboard\Resources\party_in_nyc.csv 
,DataViz-Lesson-Plans\01-Lesson-Plans\20-Tableau\3\Activities\01-Stu_Healthcare\Resources\Inpatient_Psychiatric_Facility_Quality_Measure_Data___by_Facility.csv 
,DataViz-Lesson-Plans\01-Lesson-Plans\20-Tableau\3\Activities\02-Stu_Airline\Resources\airline-safety.csv ,DataViz-Online\03-Lesson-Plans\14-Lessons\2\Activities\05-Evr_Airline_Dashboard\Resources\airline-safety.csv 
,DataViz-Lesson-Plans\01-Lesson-Plans\20-Tableau\3\Activities\03-Stu_Languages\Resources\Countries.csv 
,DataViz-Lesson-Plans\01-Lesson-Plans\20-Tableau\3\Activities\03-Stu_Languages\Resources\data.csv 
,DataViz-Lesson-Plans\01-Lesson-Plans\20-Tableau\3\Activities\03-Stu_Languages\Resources\GDP.csv 
,DataViz-Lesson-Plans\01-Lesson-Plans\21-Machine-Learning\1\Activities\02-Stu_LSD_Regression\Resources\lsd.csv 
,DataViz-Lesson-Plans\01-Lesson-Plans\02-VBA-Scripting\3\Activities\07-Stu_WellsFargo_Pt1\Unsolved\RAW\Nevada_Wells_Fargo_Bank_Deposits.csv 
,DataViz-Lesson-Plans\01-Lesson-Plans\21-Machine-Learning\1\Activities\04-Stu_Brains_Regression\Resources\brain.csv ,DataViz-Online\03-Lesson-Plans\17-Lessons\1\Activities\04-Evr_Brains\Resources\brain.csv 
,DataViz-Lesson-Plans\01-Lesson-Plans\21-Machine-Learning\1\Activities\06-Stu_Beer_Foam_MultipleRegression\Resources\foam.csv 
,DataViz-Lesson-Plans\01-Lesson-Plans\21-Machine-Learning\1\Activities\07-Ins_Data_Preprocessing\Resources\brain_categorical.csv 
,DataViz-Lesson-Plans\01-Lesson-Plans\21-Machine-Learning\1\Activities\08-Stu_Respiratory_Preprocessing\Resources\smoking.csv 
,DataViz-Lesson-Plans\01-Lesson-Plans\21-Machine-Learning\2\Activities\02-Stu_Voice_Recognition\Resources\voice.csv ,DataViz-Lesson-Plans\01-Lesson-Plans\21-Machine-Learning\3\Activities\05-Stu_Deep_Voice_Deep_Learning\Resources\voice.csv ,DataViz-Lesson-Plans\01-Lesson-Plans\21-Machine-Learning\3\Activities\06-Ins_Saving_Models\Resources\voice.csv 
,DataViz-Lesson-Plans\01-Lesson-Plans\21-Machine-Learning\2\Activities\04-Stu_Trees\Resources\diabetes.csv ,DataViz-Lesson-Plans\01-Lesson-Plans\21-Machine-Learning\2\Activities\06-Stu_KNN\Resources\diabetes.csv ,DataViz-Lesson-Plans\01-Lesson-Plans\21-Machine-Learning\2\Activities\08-Stu_SVM\Resources\diabetes.csv ,DataViz-Lesson-Plans\01-Lesson-Plans\21-Machine-Learning\2\Activities\10-Stu_GridSearch\Resources\diabetes.csv ,DataViz-Online\01-Assignments\17-Supervised-Learning\Lesson_3.2_logistic_regression_dm\Resources\diabetes.csv ,DataViz-Online\01-Assignments\17-Supervised-Learning\Lesson_4.2_precision__recall_f1\Resources\diabetes.csv ,DataViz-Online\01-Assignments\19-Neural_Network_and_Deep_Learning\Resources\diabetes.csv ,DataViz-Online\03-Lesson-Plans\17-Lessons\2\Activities\02-Stu_Confusion-Matrices\Resources\diabetes.csv ,DataViz-Online\03-Lesson-Plans\17-Lessons\2\Activities\05-Evr_Bag-and-Boost\Resources\diabetes.csv ,DataViz-Online\03-Lesson-Plans\19-Lessons\2\Activities\07-Stu_DetectingDiabetes\Resources\diabetes.csv ,nflx-adv-data\01-Lesson-Plans\09-Statistical_Modeling\02-Statistical_Modeling_Design\Activities\07-Ins_Validation_Strategies\Resources\diabetes.csv ,nflx-adv-data\01-Lesson-Plans\09-Statistical_Modeling\03-Linear_Algebra_and_PCA\Activities\07-Ins_ANOVA\Resources\diabetes.csv ,nflx-adv-data\01-Lesson-Plans\10-Machine_Learning\01-ML_Day1\Activities\02-Stu_KNN\Resources\diabetes.csv 
,DataViz-Lesson-Plans\01-Lesson-Plans\02-VBA-Scripting\3\Activities\07-Stu_WellsFargo_Pt1\Unsolved\RAW\New-Jersey_Wells_Fargo_Bank_Deposits.csv 
,DataViz-Lesson-Plans\01-Lesson-Plans\22-Big-Data\1\Activities\03-Evr_MrJob_CSV\Resources\austin_weather_2017.csv ,DataViz-Lesson-Plans\01-Lesson-Plans\22-Big-Data\1\Activities\04-Stu_Austin_Snow\Resources\austin_weather_2017.csv ,DataViz-Lesson-Plans\01-Lesson-Plans\22-Big-Data\1\Activities\04-Stu_Austin_Snow\Unsolved\austin_weather_2017.csv ,nflx-adv-data\01-Lesson-Plans\07-PySpark\01-Intro_To_Big_Data\Activities\02-Evr_MrJob_CSV\Resources\austin_weather_2017.csv ,nflx-adv-data\01-Lesson-Plans\07-PySpark\01-Intro_To_Big_Data\Activities\03-Stu_Austin_Snow\Resources\austin_weather_2017.csv ,nflx-adv-data\01-Lesson-Plans\07-PySpark\01-Intro_To_Big_Data\Activities\03-Stu_Austin_Snow\Unsolved\austin_weather_2017.csv 
,DataViz-Lesson-Plans\01-Lesson-Plans\22-Big-Data\1\Activities\05-Ins_Pyspark_DataFrames_Basics\Resources\food.csv ,DataViz-Lesson-Plans\07-Extra-Content\Big-Data-Google-Colab\day-1\05-Ins_Pyspark_Dataframes_Basics\Resources\food.csv ,DataViz-Online\03-Lesson-Plans\16-Lessons\1\Activities\03-Ins_Pyspark_DataFrames_Basics\Resources\food.csv ,nflx-adv-data\01-Lesson-Plans\07-PySpark\01-Intro_To_Big_Data\Activities\04-Ins_Pyspark_DataFrames_Basics\Resources\food.csv 
,DataViz-Lesson-Plans\01-Lesson-Plans\22-Big-Data\1\Activities\06-Stu_Pyspark_DataFrames_Basics\Resources\demographics.csv ,DataViz-Lesson-Plans\01-Lesson-Plans\22-Big-Data\1\Activities\08-Stu_Pyspark_DataFrames_Filtering\Resources\demographics.csv ,DataViz-Lesson-Plans\07-Extra-Content\Big-Data-Google-Colab\day-1\06-Stu_Pyspark_Dataframes_Basics\Resources\demographics.csv ,DataViz-Lesson-Plans\07-Extra-Content\Big-Data-Google-Colab\day-1\08-Stu_Pyspark_Dataframes_Filtering\Resources\demographics.csv ,DataViz-Online\03-Lesson-Plans\16-Lessons\1\Activities\04-Stu_Pyspark_DataFrames_Basics\Resources\demographics.csv ,DataViz-Online\03-Lesson-Plans\16-Lessons\1\Activities\06-Stu_Pyspark_DataFrames_Filtering\Resources\demographics.csv ,nflx-adv-data\01-Lesson-Plans\07-PySpark\01-Intro_To_Big_Data\Activities\05-Stu_Pyspark_DataFrames_Basics\Resources\demographics.csv ,nflx-adv-data\01-Lesson-Plans\07-PySpark\02-Querying_Big_Data_With_PySpark\Activities\06-Stu_Pyspark_DataFrames_Filtering\Resources\demographics.csv 
,DataViz-Lesson-Plans\01-Lesson-Plans\22-Big-Data\1\Activities\07-Ins_Pyspark_DataFrames_Filtering\Resources\wine.csv ,DataViz-Lesson-Plans\07-Extra-Content\Big-Data-Google-Colab\day-1\07-Ins_Pyspark_Dataframes_Filtering\Resources\wine.csv ,DataViz-Online\03-Lesson-Plans\16-Lessons\1\Activities\05-Ins_Pyspark_DataFrames_Filtering\Resources\wine.csv ,nflx-adv-data\01-Lesson-Plans\07-PySpark\02-Querying_Big_Data_With_PySpark\Activities\05-Ins_Pyspark_DataFrames_Filtering\Resources\wine.csv 
,DataViz-Lesson-Plans\01-Lesson-Plans\22-Big-Data\1\Activities\09-Ins_Pyspark_DataFrames_Dates\Resources\rainfall.csv ,DataViz-Online\03-Lesson-Plans\16-Lessons\1\Activities\07-Ins_Pyspark_DataFrames_Dates\Resources\rainfall.csv 
,DataViz-Lesson-Plans\01-Lesson-Plans\22-Big-Data\1\Activities\10-Stu_Pyspark_DataFrames_Dates\Resources\bigfoot.csv 
,DataViz-Lesson-Plans\01-Lesson-Plans\02-VBA-Scripting\3\Activities\07-Stu_WellsFargo_Pt1\Unsolved\RAW\New-Mexico_Wells_Fargo_Bank_Deposits.csv 
,DataViz-Lesson-Plans\01-Lesson-Plans\22-Big-Data\2\Activities\03-Stu_Pyspark_NLP_Tokens\Resources\data.csv ,DataViz-Lesson-Plans\07-Extra-Content\Big-Data-Google-Colab\day-2\Activities\03-Stu_Pyspark_NLP_Tokens\Resources\data.csv 
,DataViz-Lesson-Plans\01-Lesson-Plans\22-Big-Data\2\Activities\05-Stu_Pyspark_NLP_Stopwords\Resources\food_reviews.csv ,DataViz-Lesson-Plans\07-Extra-Content\Big-Data-Google-Colab\day-2\Activities\05-Stu_Pyspark_NLP_Stopwords\Resources\food_reviews.csv 
,DataViz-Lesson-Plans\01-Lesson-Plans\22-Big-Data\2\Activities\07-Stu_Pyspark_NLP_HashingTF\Resources\airlines.csv ,DataViz-Lesson-Plans\07-Extra-Content\Big-Data-Google-Colab\day-2\Activities\07-Stu_Pyspark_NLP_HashingTF\Resources\airlines.csv 
,DataViz-Lesson-Plans\01-Lesson-Plans\22-Big-Data\2\Activities\08-Evr_Naive_Bayes_Reviews\Resources\yelp_reviews.csv ,DataViz-Lesson-Plans\07-Extra-Content\Big-Data-Google-Colab\day-2\Activities\08-Evr_Naive_Bayes_Reviews\Resources\yelp_reviews.csv 
,DataViz-Lesson-Plans\01-Lesson-Plans\22-Big-Data\3\Activities\03-Ins_ETL_S3_RDS\Resources\user_data.csv ,DataViz-Online\01-Assignments\16-Big-Data\Resources\user_data.csv ,DataViz-Online\03-Lesson-Plans\16-Lessons\2\Activities\03-Ins_ETL_S3_RDS\Resources\user_data.csv 
,DataViz-Lesson-Plans\01-Lesson-Plans\22-Big-Data\3\Activities\03-Ins_ETL_S3_RDS\Resources\user_payment.csv ,DataViz-Online\01-Assignments\16-Big-Data\Resources\user_payment.csv ,DataViz-Online\03-Lesson-Plans\16-Lessons\2\Activities\03-Ins_ETL_S3_RDS\Resources\user_payment.csv 
,DataViz-Lesson-Plans\01-Lesson-Plans\22-Big-Data\3\Activities\04-Stu_ETL_S3_Colab\Resources\employees.csv ,DataViz-Lesson-Plans\01-Lesson-Plans\22-Big-Data\3\Activities\04-Stu_ETL_S3_Colab\Solved\employees.csv 
,DataViz-Lesson-Plans\01-Lesson-Plans\22-Big-Data\3\Activities\05-Stu_Big_Data_Review\Resources\question_one.csv 
,DataViz-Lesson-Plans\01-Lesson-Plans\22-Big-Data\3\Activities\06-Stu_Cloud_ETL_Project\Resources\ratings_and_sentiments.csv 
,DataViz-Lesson-Plans\01-Lesson-Plans\02-VBA-Scripting\3\Activities\07-Stu_WellsFargo_Pt1\Unsolved\RAW\New-York_Wells_Fargo_Bank_Deposits.csv 
,DataViz-Lesson-Plans\02-Homework\03-Python\Instructions\PyBank\Resources\budget_data.csv ,DataViz-Lesson-Plans\02-Homework\03-Python\Solutions\PyBank\Resources\budget_data.csv 
,DataViz-Lesson-Plans\02-Homework\03-Python\Instructions\PyPoll\Resources\election_data.csv ,DataViz-Lesson-Plans\02-Homework\03-Python\Solutions\PyPoll\Resources\election_data.csv 
,DataViz-Lesson-Plans\02-Homework\04-Pandas\Instructions\HeroesOfPymoli\Resources\purchase_data.csv ,DataViz-Lesson-Plans\02-Homework\04-Pandas\Solutions\HeroesOfPymoli\Resources\purchase_data.csv 
,DataViz-Lesson-Plans\02-Homework\04-Pandas\Instructions\PyCitySchools\Resources\schools_complete.csv 
,DataViz-Lesson-Plans\02-Homework\04-Pandas\Instructions\PyCitySchools\Resources\students_complete.csv 
,DataViz-Lesson-Plans\01-Lesson-Plans\02-VBA-Scripting\3\Activities\07-Stu_WellsFargo_Pt1\Unsolved\RAW\North-Dakota_Wells_Fargo_Bank_Deposits.csv 
,DataViz-Lesson-Plans\02-Homework\04-Pandas\Solutions\PyCitySchools\Resources\Instruction_Example\schools_complete.csv 
,DataViz-Lesson-Plans\02-Homework\04-Pandas\Solutions\PyCitySchools\Resources\Instruction_Example\students_complete.csv 
,DataViz-Lesson-Plans\02-Homework\05-Matplotlib\Instructions\Pymaceuticals\data\Mouse_metadata.csv ,DataViz-Lesson-Plans\02-Homework\05-Matplotlib\Solutions\Pymaceuticals\data\Mouse_metadata.csv ,nflx-adv-data\02-Assignments\03-Matplotlib\01-Plotting_With_Matplotlib\Resources\Mouse_metadata.csv ,nflx-adv-data\02-Assignments\03-Matplotlib\02-Making_Matplotlib_Magic\Resources\Mouse_metadata.csv 
,DataViz-Lesson-Plans\02-Homework\05-Matplotlib\Instructions\Pymaceuticals\data\Study_results.csv ,DataViz-Lesson-Plans\02-Homework\05-Matplotlib\Solutions\Pymaceuticals\data\Study_results.csv 
,DataViz-Lesson-Plans\02-Homework\06-Python-APIs\Instructions\output_data\cities.csv 
,DataViz-Lesson-Plans\02-Homework\06-Python-APIs\Solutions\output_data\cities.csv 
,DataViz-Lesson-Plans\02-Homework\09-SQL\Instructions\data\departments.csv ,DataViz-Online\01-Assignments\07-Employee_Database\Resources\departments.csv ,nflx-adv-data\02-Assignments\06-SQL\01-SQL\Resources\departments.csv 
,DataViz-Lesson-Plans\02-Homework\09-SQL\Instructions\data\dept_emp.csv 
,DataViz-Lesson-Plans\01-Lesson-Plans\02-VBA-Scripting\3\Activities\07-Stu_WellsFargo_Pt1\Unsolved\RAW\North_Carolina_Wells_Fargo_Bank_Deposits.csv 
,DataViz-Lesson-Plans\02-Homework\09-SQL\Instructions\data\dept_manager.csv 
,DataViz-Lesson-Plans\02-Homework\09-SQL\Instructions\data\employees.csv 
,DataViz-Lesson-Plans\02-Homework\09-SQL\Instructions\data\salaries.csv 
,DataViz-Lesson-Plans\02-Homework\09-SQL\Instructions\data\titles.csv 
,DataViz-Lesson-Plans\02-Homework\10-Advanced-Data-Storage-and-Retrieval\Instructions\Resources\hawaii_measurements.csv ,DataViz-Lesson-Plans\02-Homework\10-Advanced-Data-Storage-and-Retrieval\Solution\Surfs_Up\hawaii_measurements.csv 
,DataViz-Lesson-Plans\02-Homework\10-Advanced-Data-Storage-and-Retrieval\Instructions\Resources\hawaii_stations.csv ,DataViz-Lesson-Plans\02-Homework\10-Advanced-Data-Storage-and-Retrieval\Solution\Surfs_Up\clean_hawaii_stations.csv ,DataViz-Lesson-Plans\02-Homework\10-Advanced-Data-Storage-and-Retrieval\Solution\Surfs_Up\hawaii_stations.csv 
,DataViz-Lesson-Plans\02-Homework\10-Advanced-Data-Storage-and-Retrieval\Solution\Surfs_Up\clean_hawaii_measurements.csv 
,DataViz-Lesson-Plans\01-Lesson-Plans\02-VBA-Scripting\3\Activities\07-Stu_WellsFargo_Pt1\Unsolved\RAW\Alaska_Wells_Fargo_Bank_Deposits.csv 
,DataViz-Lesson-Plans\01-Lesson-Plans\02-VBA-Scripting\3\Activities\07-Stu_WellsFargo_Pt1\Unsolved\RAW\Ohio_Wells_Fargo_Bank_Deposits.csv 
,DataViz-Lesson-Plans\02-Homework\11-Web\Instructions\Resources\cities.csv ,DataViz-Lesson-Plans\02-Homework\11-Web\Solutions\Resources\cities.csv 
,DataViz-Lesson-Plans\02-Homework\16-D3\Instructions\StarterCode\assets\data\data.csv ,DataViz-Lesson-Plans\02-Homework\16-D3\Solutions\assets\data\data.csv 
,DataViz-Lesson-Plans\02-Homework\21-Machine-Learning\Instructions\starter_code\exoplanet_data.csv ,DataViz-Lesson-Plans\02-Homework\21-Machine-Learning\Solutions\exoplanet_data.csv 
,DataViz-Lesson-Plans\02-Homework\21-Machine-Learning\Solutions\test_data.csv 
,DataViz-Lesson-Plans\06-Curriculum-Resources\generators\04-Numpy-Pandas\HeroesOfPymoli\generated_data\items_complete.csv 
,DataViz-Lesson-Plans\06-Curriculum-Resources\generators\04-Numpy-Pandas\HeroesOfPymoli\generated_data\players_complete.csv 
,DataViz-Lesson-Plans\06-Curriculum-Resources\generators\04-Numpy-Pandas\HeroesOfPymoli\generated_data\purchase_data.csv 
,DataViz-Lesson-Plans\01-Lesson-Plans\02-VBA-Scripting\3\Activities\07-Stu_WellsFargo_Pt1\Unsolved\RAW\Oregon_Wells_Fargo_Bank_Deposits.csv 
,DataViz-Lesson-Plans\06-Curriculum-Resources\generators\04-Numpy-Pandas\HeroesOfPymoli\raw_data\players.csv 
,DataViz-Lesson-Plans\06-Curriculum-Resources\generators\04-Numpy-Pandas\PyCitySchools\generated_data\schools_complete.csv ,DataViz-Online\02-Curriculum-Resources\generators\M4-PyCitySchools\generated_data\schools_complete.csv 
,DataViz-Lesson-Plans\06-Curriculum-Resources\generators\04-Numpy-Pandas\PyCitySchools\generated_data\students_complete.csv ,DataViz-Online\02-Curriculum-Resources\generators\M4-PyCitySchools\generated_data\students_complete.csv 
,DataViz-Lesson-Plans\06-Curriculum-Resources\generators\05-Matplotlib\Generators\Pyber\generated_data\city_data.csv ,DataViz-Online\01-Assignments\05-PyBer\Resources\city_data.csv ,DataViz-Online\02-Curriculum-Resources\generators\M5-Pyber\generated_data\city_data.csv ,nflx-adv-data\01-Lesson-Plans\03-Matplotlib\01-Day\Activities\13-Evr_Summary\Resources\city_data.csv ,nflx-adv-data\01-Lesson-Plans\03-Matplotlib\02-Day\Activities\01-Evy_Review\Resources\city_data.csv 
,DataViz-Lesson-Plans\06-Curriculum-Resources\generators\05-Matplotlib\Generators\Pyber\generated_data\ride_data.csv ,DataViz-Online\02-Curriculum-Resources\generators\M5-Pyber\generated_data\ride_data.csv ,nflx-adv-data\01-Lesson-Plans\03-Matplotlib\01-Day\Activities\13-Evr_Summary\Resources\ride_data.csv ,nflx-adv-data\01-Lesson-Plans\03-Matplotlib\02-Day\Activities\01-Evy_Review\Resources\ride_data.csv 
,DataViz-Lesson-Plans\06-Curriculum-Resources\generators\05-Matplotlib\Generators\Pymaceuticals\generated_data\clinicaltrial_data.csv 
,DataViz-Lesson-Plans\06-Curriculum-Resources\generators\05-Matplotlib\Generators\Pymaceuticals\generated_data\mouse_drug_data.csv 
,DataViz-Lesson-Plans\06-Curriculum-Resources\generators\15-Interactive-Visualizations-and-Dashboards\Generators\Belly_Button_Biodiversity_Metadata.csv 
,DataViz-Lesson-Plans\06-Curriculum-Resources\generators\15-Interactive-Visualizations-and-Dashboards\Generators\belly_button_biodiversity_otu_id.csv 
,DataViz-Lesson-Plans\06-Curriculum-Resources\generators\15-Interactive-Visualizations-and-Dashboards\Generators\belly_button_biodiversity_samples.csv 
,DataViz-Lesson-Plans\01-Lesson-Plans\02-VBA-Scripting\3\Activities\07-Stu_WellsFargo_Pt1\Unsolved\RAW\Pennsylvania_Wells_Fargo_Bank_Deposits.csv 
,DataViz-Lesson-Plans\06-Curriculum-Resources\generators\15-Interactive-Visualizations-and-Dashboards\Generators\metadata_columns.csv 
,DataViz-Lesson-Plans\07-Extra-Content\Big-Data-Google-Colab\day-1\09-Ins_Pyspark_Dataframes_Dates\Resources\rainfall.csv 
,DataViz-Lesson-Plans\07-Extra-Content\Big-Data-Google-Colab\day-1\10-Stu_Pyspark_Dataframes_Dates\Resources\bigfoot.csv ,DataViz-Online\03-Lesson-Plans\16-Lessons\1\Activities\08-Evr_Pyspark_Bigfoot\Resources\bigfoot.csv 
,DataViz-Lesson-Plans\07-Extra-Content\Big-Data-Google-Colab\day-2\Activities\06-Ins_Pyspark_NLP_HashingTF\Resources\sample.csv 
,DataViz-Lesson-Plans\01-Lesson-Plans\02-VBA-Scripting\3\Activities\07-Stu_WellsFargo_Pt1\Unsolved\RAW\South-Carolina_Wells_Fargo_Bank_Deposits.csv 
,DataViz-Lesson-Plans\07-Extra-Content\Python-Homework-Extra_Content\ExtraContent\Instructions\PyBoss\employee_data.csv 
,DataViz-Lesson-Plans\07-Extra-Content\Python-Homework-Extra_Content\ExtraContent\Solutions\PyBoss\analysis\employee_data_reformatted.csv 
,DataViz-Lesson-Plans\07-Extra-Content\Python-Homework-Extra_Content\ExtraContent\Solutions\PyBoss\raw_data\employee_data.csv 
,DataViz-Online\01-Assignments\02-Wall-Street\Unit-Assessment-Excel-VBA\resources\house_data.csv 
,DataViz-Online\01-Assignments\03-PyPoll\Resources\election_results.csv 
,DataViz-Online\01-Assignments\04-PyCitySchools\Resources\clean_students_complete.csv 
,DataViz-Online\01-Assignments\04-PyCitySchools\Resources\missing_grades.csv 
,DataViz-Lesson-Plans\01-Lesson-Plans\02-VBA-Scripting\3\Activities\07-Stu_WellsFargo_Pt1\Unsolved\RAW\South-Dakota_Wells_Fargo_Bank_Deposits.csv 
,DataViz-Online\01-Assignments\05-PyBer\Resources\PyBer_ride_data.csv 
,DataViz-Online\01-Assignments\05-PyBer\Resources\ride_data.csv 
,DataViz-Online\01-Assignments\06-WeatherPy\Challenge_Solution\Vacation_Search\WeatherPy_vacation.csv 
,DataViz-Online\01-Assignments\06-WeatherPy\Challenge_Solution\Weather_Database\WeatherPy_Database.csv 
,DataViz-Online\01-Assignments\06-WeatherPy\Module_Solution\weather_data\clean_cities.csv 
,DataViz-Online\01-Assignments\06-WeatherPy\Unit-Assessment-Python\resources\avg_rain_state.csv ,DataViz-Online\03-Lesson-Plans\05-Lessons\2\Activities\02-Ins_PandasPlot\Resources\avg_rain_state.csv ,DataViz-Lesson-Plans\01-Lesson-Plans\05-Matplotlib\1\Activities\13-Stu_AvgRain-BarChartsWithPandas\Resources\avg_rain_state.csv ,DataViz-Lesson-Plans\01-Lesson-Plans\05-Matplotlib\2\Activities\02-Ins_PandasPlot\Resources\avg_rain_state.csv 
,DataViz-Online\01-Assignments\06-WeatherPy\Unit-Assessment-Python\resources\cereal.csv ,DataViz-Lesson-Plans\01-Lesson-Plans\03-Python\3\Activities\01-Stu_CerealCleaner\Resources\cereal.csv 
,DataViz-Online\01-Assignments\06-WeatherPy\Unit-Assessment-Python\resources\donors2008.csv ,DataViz-Online\03-Lesson-Plans\04-Lessons\2\Activities\01-Ins_CleaningData\Solved\Resources\donors2008_unclean.csv ,DataViz-Lesson-Plans\01-Lesson-Plans\04-Pandas\2\Activities\03-Ins_CleaningData\Solved\Resources\donors2008_unclean.csv 
,DataViz-Lesson-Plans\01-Lesson-Plans\02-VBA-Scripting\3\Activities\07-Stu_WellsFargo_Pt1\Unsolved\RAW\Tennessee_Wells_Fargo_Bank_Deposits.csv 
,DataViz-Online\01-Assignments\07-Employee_Database\Challenge_Solution\Data\mentorship.csv 
,DataViz-Online\01-Assignments\07-Employee_Database\Challenge_Solution\Data\retirement_titles.csv 
,DataViz-Online\01-Assignments\07-Employee_Database\Challenge_Solution\Data\retiring_titles.csv 
,DataViz-Online\01-Assignments\07-Employee_Database\Challenge_Solution\Data\unique_titles.csv 
,DataViz-Online\01-Assignments\07-Employee_Database\Resources\dept_emp.csv ,nflx-adv-data\02-Assignments\06-SQL\01-SQL\Resources\dept_emp.csv 
,DataViz-Online\01-Assignments\07-Employee_Database\Resources\dept_manager.csv ,nflx-adv-data\02-Assignments\06-SQL\01-SQL\Resources\dept_manager.csv 
,DataViz-Online\01-Assignments\07-Employee_Database\Resources\employees.csv ,nflx-adv-data\02-Assignments\06-SQL\01-SQL\Resources\employees.csv 
,DataViz-Online\01-Assignments\07-Employee_Database\Resources\salaries.csv 
,DataViz-Online\01-Assignments\07-Employee_Database\Resources\titles.csv ,nflx-adv-data\02-Assignments\06-SQL\01-SQL\Resources\titles.csv 
,DataViz-Lesson-Plans\01-Lesson-Plans\02-VBA-Scripting\3\Activities\07-Stu_WellsFargo_Pt1\Unsolved\RAW\Texas_Wells_Fargo_Bank_Deposits.csv 
,DataViz-Online\01-Assignments\07-Employee_Database\Solution\Data\solutions\current_emp.csv 
,DataViz-Online\01-Assignments\07-Employee_Database\Solution\Data\solutions\dept_info.csv 
,DataViz-Online\01-Assignments\07-Employee_Database\Solution\Data\solutions\emp_info.csv 
,DataViz-Online\01-Assignments\07-Employee_Database\Solution\Data\solutions\manager_info.csv 
,DataViz-Online\01-Assignments\07-Employee_Database\Solution\Data\solutions\sales_dev.csv 
,DataViz-Online\01-Assignments\07-Employee_Database\Solution\Data\solutions\sales_info.csv 
,DataViz-Online\01-Assignments\08-ETL\Resources\movies_metadata.csv 
,DataViz-Online\01-Assignments\08-ETL\Resources\ratings.csv 
,DataViz-Online\01-Assignments\09-Surfs_Up\Unit-Assessment-Databases\resources\CTA_list_of_L_stops.csv 
,DataViz-Online\01-Assignments\09-Surfs_Up\Unit-Assessment-Databases\resources\CTA_ridership_daily_totals.csv 
,DataViz-Lesson-Plans\01-Lesson-Plans\02-VBA-Scripting\3\Activities\07-Stu_WellsFargo_Pt1\Unsolved\RAW\Utah_Wells_Fargo_Bank_Deposits.csv 
,DataViz-Online\01-Assignments\15-Statistics_R\Resources\demo.csv 
,DataViz-Online\01-Assignments\15-Statistics_R\Resources\demo2.csv 
,DataViz-Online\01-Assignments\15-Statistics_R\Resources\MechaCar_mpg.csv 
,DataViz-Online\01-Assignments\15-Statistics_R\Resources\mpg_modified.csv 
,DataViz-Online\01-Assignments\15-Statistics_R\Resources\Suspension_Coil.csv 
,DataViz-Online\01-Assignments\15-Statistics_R\Resources\used_car_data.csv 
,DataViz-Lesson-Plans\01-Lesson-Plans\02-VBA-Scripting\3\Activities\07-Stu_WellsFargo_Pt1\Unsolved\RAW\Virginia_Wells_Fargo_Bank_Deposits.csv 
,DataViz-Online\01-Assignments\17-Supervised-Learning\Lesson_10.2_undersampling\Resources\cc_default.csv ,DataViz-Online\01-Assignments\17-Supervised-Learning\Lesson_10.3_combination_sampling\Resources\cc_default.csv 
,DataViz-Online\01-Assignments\17-Supervised-Learning\Lesson_2.3.0_linear_regression_salary\Salary_Data.csv ,DataViz-Online\01-Assignments\17-Supervised-Learning\Lesson_2.3.1_linear_regression_salary\Resources\Salary_Data.csv 
,DataViz-Online\01-Assignments\17-Supervised-Learning\Lesson_5.2_svm\Resources\loans.csv 
,DataViz-Online\01-Assignments\17-Supervised-Learning\Lesson_6.1_label_encode\Resources\loans_data.csv 
,DataViz-Online\01-Assignments\17-Supervised-Learning\Lesson_6.1_label_encode\Resources\loans_data_encoded.csv ,DataViz-Online\01-Assignments\17-Supervised-Learning\Lesson_6.4_scale\Resources\loans_data_encoded.csv 
,DataViz-Lesson-Plans\01-Lesson-Plans\02-VBA-Scripting\3\Activities\07-Stu_WellsFargo_Pt1\Unsolved\RAW\Washington_DC_Wells_Fargo_Bank_Deposits.csv 
,DataViz-Online\01-Assignments\17-Supervised-Learning\Lesson_7.3_decision_tree\Resources\loans_data_encoded.csv ,DataViz-Online\01-Assignments\17-Supervised-Learning\Lesson_9.3_gradient_boosted_tree\Resources\loans_data_encoded.csv 
,DataViz-Online\01-Assignments\18-Unsupervised-Learning\Resources\crypto_data.csv 
,DataViz-Online\01-Assignments\19-Neural_Network_and_Deep_Learning\Challenge_Solution\charity_data.csv 
,DataViz-Online\01-Assignments\19-Neural_Network_and_Deep_Learning\Resources\bank_telemarketing.csv 
,DataViz-Online\01-Assignments\19-Neural_Network_and_Deep_Learning\Resources\exploring-the-human-resources-dataset.csv 
,DataViz-Online\01-Assignments\19-Neural_Network_and_Deep_Learning\Resources\HR-Employee-Attrition.csv ,DataViz-Online\03-Lesson-Plans\19-Lessons\2\Activities\06-Ins_GettingReal\Resources\HR-Employee-Attrition.csv ,nflx-adv-data\01-Lesson-Plans\10-Machine_Learning\04-NeuralNetworks\Activities\02-Ins_Getting-Real_Preprocessing\Resources\HR-Employee-Attrition.csv 
,DataViz-Online\01-Assignments\19-Neural_Network_and_Deep_Learning\Resources\hr_dataset.csv 
,DataViz-Online\01-Assignments\19-Neural_Network_and_Deep_Learning\Resources\loan_status.csv 
,DataViz-Lesson-Plans\01-Lesson-Plans\02-VBA-Scripting\3\Activities\07-Stu_WellsFargo_Pt1\Unsolved\RAW\Washington_Wells_Fargo_Bank_Deposits.csv 
,DataViz-Online\01-Assignments\19-Neural_Network_and_Deep_Learning\Resources\ramen-ratings.csv 
,DataViz-Online\03-Lesson-Plans\03-Lessons\2\Activities\06-Ins_ReadCSV\Resources\accounting.csv ,DataViz-Lesson-Plans\01-Lesson-Plans\03-Python\2\Activities\08-Ins_ReadCSV\Resources\accounting.csv ,nflx-adv-data\01-Lesson-Plans\01-Introduction\02-Programming_With_Python\Activities\03_Ins_ReadWriteCSV\Resources\accounting.csv 
,DataViz-Online\03-Lesson-Plans\03-Lessons\2\Activities\07-Stu_ReadNetFlixCSV\Resources\netflix_ratings.csv ,DataViz-Online\03-Lesson-Plans\03-Lessons\2\Activities\09-Evr_WritingNetflixData\Resources\netflix_ratings.csv ,DataViz-Lesson-Plans\01-Lesson-Plans\03-Python\2\Activities\09-Stu_ReadNetFlixCSV\Resources\netflix_ratings.csv ,DataViz-Lesson-Plans\01-Lesson-Plans\04-Pandas\1\Activities\02-Stu_NetflixRemix-Jupyter\Solved\Resources\netflix_ratings.csv ,DataViz-Lesson-Plans\01-Lesson-Plans\04-Pandas\1\Activities\02-Stu_NetflixRemix-Jupyter\Unsolved\Resources\netflix_ratings.csv 
,DataViz-Online\03-Lesson-Plans\04-Lessons\1\Activities\04-Ins_ReadingCSV-ColumnManipulation\Solved\Resources\DataOne.csv 
,DataViz-Lesson-Plans\01-Lesson-Plans\02-VBA-Scripting\3\Activities\07-Stu_WellsFargo_Pt1\Unsolved\RAW\Wisconsin_Wells_Fargo_Bank_Deposits.csv 
,DataViz-Online\03-Lesson-Plans\04-Lessons\1\Activities\05-Stu_GoodReadsCSV\Solved\Output\books_clean.csv ,DataViz-Lesson-Plans\01-Lesson-Plans\04-Pandas\1\Activities\10-Stu_GoodReadsCSV\Solved\Output\books_clean.csv 
,DataViz-Online\03-Lesson-Plans\04-Lessons\1\Activities\05-Stu_GoodReadsCSV\Solved\Resources\books.csv 
,DataViz-Online\03-Lesson-Plans\04-Lessons\1\Activities\05-Stu_GoodReadsCSV\Unsolved\Resources\books.csv 
,DataViz-Online\03-Lesson-Plans\04-Lessons\1\Activities\06-Ins_MergingDataFrames\Solved\Resources\bitcoin_cash_price.csv ,DataViz-Online\03-Lesson-Plans\04-Lessons\1\Activities\06-Ins_MergingDataFrames\Unsolved\Resources\bitcoin_cash_price.csv ,DataViz-Online\03-Lesson-Plans\05-Lessons\2\Activities\06-Evr_BikeTrippin-Pivot_Resample\Solved\Resources\bitcoin_cash_price.csv ,nflx-adv-data\02-Assignments\04-Exploratory_Data_Analysis\02-Unit_2_3_Assessment\Solved\bitcoin_cash_price.csv ,nflx-adv-data\02-Assignments\04-Exploratory_Data_Analysis\02-Unit_2_3_Assessment\Unsolved\bitcoin_cash_price.csv ,DataViz-Lesson-Plans\01-Lesson-Plans\04-Pandas\3\Activities\02-Stu_Cryptocurrency-Merging\Solved\Resources\bitcoin_cash_price.csv ,DataViz-Lesson-Plans\01-Lesson-Plans\04-Pandas\3\Activities\02-Stu_Cryptocurrency-Merging\Unsolved\Resources\bitcoin_cash_price.csv 
,DataViz-Online\03-Lesson-Plans\04-Lessons\1\Activities\06-Ins_MergingDataFrames\Solved\Resources\dash_price.csv ,DataViz-Online\03-Lesson-Plans\04-Lessons\1\Activities\06-Ins_MergingDataFrames\Unsolved\Resources\dash_price.csv ,nflx-adv-data\02-Assignments\04-Exploratory_Data_Analysis\02-Unit_2_3_Assessment\Solved\dash_price.csv ,nflx-adv-data\02-Assignments\04-Exploratory_Data_Analysis\02-Unit_2_3_Assessment\Unsolved\dash_price.csv ,DataViz-Lesson-Plans\01-Lesson-Plans\04-Pandas\3\Activities\02-Stu_Cryptocurrency-Merging\Solved\Resources\dash_price.csv ,DataViz-Lesson-Plans\01-Lesson-Plans\04-Pandas\3\Activities\02-Stu_Cryptocurrency-Merging\Unsolved\Resources\dash_price.csv 
,DataViz-Online\03-Lesson-Plans\04-Lessons\1\Activities\07-Ins_FormatMapping\Solved\Resources\sample_data.csv ,DataViz-Lesson-Plans\01-Lesson-Plans\04-Pandas\3\Activities\05-Ins_Mapping\Solved\Resources\sample_data.csv 
,DataViz-Online\03-Lesson-Plans\04-Lessons\1\Activities\08-Evr_FormatMapping\Solved\Resources\sales_data.csv ,DataViz-Online\03-Lesson-Plans\04-Lessons\1\Activities\08-Evr_FormatMapping\Unsolved\Resources\sales_data.csv 
,DataViz-Lesson-Plans\01-Lesson-Plans\02-VBA-Scripting\3\Activities\07-Stu_WellsFargo_Pt1\Unsolved\RAW\Wyoming_Wells_Fargo_Bank_Deposits.csv 
,DataViz-Online\03-Lesson-Plans\04-Lessons\2\Activities\01-Ins_CleaningData\Solved\Resources\donors2008.csv ,DataViz-Lesson-Plans\01-Lesson-Plans\04-Pandas\2\Activities\03-Ins_CleaningData\Solved\Resources\donors2008.csv 
,DataViz-Online\03-Lesson-Plans\04-Lessons\2\Activities\02-Evr_PortlandCrime\Solved\Resources\crime_incident_data2017.csv ,DataViz-Online\03-Lesson-Plans\04-Lessons\2\Activities\02-Evr_PortlandCrime\Unsolved\Resources\crime_incident_data2017.csv ,DataViz-Lesson-Plans\01-Lesson-Plans\04-Pandas\2\Activities\04-Par_PortlandCrime-Cleaning\Solved\Resources\crime_incident_data2017.csv ,DataViz-Lesson-Plans\01-Lesson-Plans\04-Pandas\2\Activities\04-Par_PortlandCrime-Cleaning\Unsolved\Resources\crime_incident_data2017.csv 
,DataViz-Online\03-Lesson-Plans\04-Lessons\2\Activities\03-Ins_LocAndIloc\Solved\Resources\sampleData.csv ,DataViz-Lesson-Plans\01-Lesson-Plans\04-Pandas\2\Activities\01-Ins_LocAndIloc\Solved\Resources\sampleData.csv 
,DataViz-Online\03-Lesson-Plans\04-Lessons\2\Activities\04-Stu_GoodMovies-Loc\Solved\Resources\movie_scores.csv ,DataViz-Online\03-Lesson-Plans\04-Lessons\2\Activities\04-Stu_GoodMovies-Loc\Unsolved\Resources\movie_scores.csv ,DataViz-Lesson-Plans\01-Lesson-Plans\04-Pandas\2\Activities\02-Stu_GoodMovies-Loc\Solved\Resources\movie_scores.csv ,DataViz-Lesson-Plans\01-Lesson-Plans\04-Pandas\2\Activities\02-Stu_GoodMovies-Loc\Unsolved\Resources\movie_scores.csv 
,DataViz-Online\03-Lesson-Plans\04-Lessons\2\Activities\05-Ins_GroupBy\Solved\Resources\ufoSightings.csv ,nflx-adv-data\01-Lesson-Plans\02-Pandas\02-DataFrame_Operations\Activities\03-Ins_GroupBy\Resources\ufoSightings.csv ,DataViz-Lesson-Plans\01-Lesson-Plans\04-Pandas\2\Activities\05-Evr_PandasRecap\Solved\Resources\ufoSightings.csv ,DataViz-Lesson-Plans\01-Lesson-Plans\04-Pandas\2\Activities\05-Evr_PandasRecap\Unsolved\Resources\ufoSightings.csv ,DataViz-Lesson-Plans\01-Lesson-Plans\04-Pandas\2\Activities\06-Ins_GroupBy\Solved\Resources\ufoSightings.csv 
,DataViz-Online\03-Lesson-Plans\04-Lessons\2\Activities\07-Ins_Binning\Resources\final_exam_scores.csv 
,DataViz-Online\03-Lesson-Plans\04-Lessons\2\Activities\08-Stu_TedTalks-Binning\Solved\Resources\ted_talks.csv ,DataViz-Online\03-Lesson-Plans\04-Lessons\2\Activities\08-Stu_TedTalks-Binning\Unsolved\Resources\ted_talks.csv ,DataViz-Lesson-Plans\01-Lesson-Plans\04-Pandas\3\Activities\04-Stu_TedTalks-Binning\Solved\Resources\ted_talks.csv ,DataViz-Lesson-Plans\01-Lesson-Plans\04-Pandas\3\Activities\04-Stu_TedTalks-Binning\Unsolved\Resources\ted_talks.csv 
,DataViz-Lesson-Plans\01-Lesson-Plans\02-VBA-Scripting\3\Activities\Extra_Content\11-Stu_MultiGames\Sheets\Resources\animals.csv 
,DataViz-Online\03-Lesson-Plans\06-Lessons\2\Activities\08-Evr_Itinerary\Resources\city.csv 
,DataViz-Lesson-Plans\01-Lesson-Plans\03-Python\2\Activities\10-Ins_WriteCSV\output\new.csv 
,DataViz-Online\03-Lesson-Plans\08-Lessons\1\Activities\04-Stu_LambdaFunctions\Resources\movies_metadata.csv 
,DataViz-Lesson-Plans\01-Lesson-Plans\03-Python\2\Activities\11-Ins_Zip\Solved\output.csv 
,DataViz-Online\03-Lesson-Plans\14-Lessons\2\Activities\01-Evr_Warmup\Resources\Austin_new_residential_units.csv 
,DataViz-Lesson-Plans\01-Lesson-Plans\03-Python\2\Activities\12-Stu_UdemyZip\Resources\web_starter.csv 
,DataViz-Online\03-Lesson-Plans\15-Lessons\1\Activities\06_Evr_Tibble\Resources\students.csv ,DataViz-Online\03-Lesson-Plans\15-Lessons\1\Activities\06_Evr_Tibble\Solved\students.csv 
,DataViz-Online\03-Lesson-Plans\15-Lessons\2\Activities\06-Evr_Fits_and_Regression\Resources\diabetes.csv ,nflx-adv-data\01-Lesson-Plans\05-Stats\01-HypothesisTesting_and_P-Values\Activities\03-Ins_FitsAndRegression\Resources\diabetes.csv 
,DataViz-Lesson-Plans\01-Lesson-Plans\03-Python\2\Activities\12-Stu_UdemyZip\Solved\web_final.csv 
,DataViz-Online\03-Lesson-Plans\16-Lessons\2\Activities\04-Stu_ETL_S3_Colab\Resources\employee.csv ,DataViz-Online\03-Lesson-Plans\16-Lessons\2\Activities\04-Stu_ETL_S3_Colab\Solved\employee.csv 
,DataViz-Online\03-Lesson-Plans\17-Lessons\1\Activities\06-Stu_Counterfeit_Catcher\Resources\data_banknote_authentication.csv 
,DataViz-Lesson-Plans\01-Lesson-Plans\02-VBA-Scripting\3\Activities\07-Stu_WellsFargo_Pt1\Unsolved\RAW\Arizona_Wells_Fargo_Bank_Deposits.csv 
,DataViz-Online\03-Lesson-Plans\17-Lessons\2\Activities\07-Stu_Forest-Feature-Selection\Resources\arrhythmia.csv ,nflx-adv-data\01-Lesson-Plans\10-Machine_Learning\03-RandomForests\Activities\04-Stu_FeatureSelectionFrenzy\Resources\arrhythmia.csv 
,DataViz-Online\03-Lesson-Plans\18-Lessons\1\Activities\01-Ins_Preprocessing\Resources\chicago_marathon_2018.csv ,DataViz-Online\03-Lesson-Plans\18-Lessons\1\Activities\05-Ins_KMeans\Resources\chicago_marathon_2018.csv 
,DataViz-Online\03-Lesson-Plans\18-Lessons\1\Activities\02-Ins_Data_Prep\Resources\iris.csv 
,DataViz-Online\03-Lesson-Plans\18-Lessons\1\Activities\02-Ins_Data_Prep\Resources\new_iris_data.csv ,DataViz-Online\03-Lesson-Plans\18-Lessons\2\Activities\01-Ins_PCA\Resources\new_iris_data.csv 
,DataViz-Online\03-Lesson-Plans\18-Lessons\1\Activities\03-Stu_Preparing_Data\Resources\shopping_data.csv 
,DataViz-Online\03-Lesson-Plans\18-Lessons\1\Activities\03-Stu_Preparing_Data\Resources\shopping_data_cleaned.csv ,DataViz-Online\03-Lesson-Plans\18-Lessons\2\Activities\02-Stu_PCA\Resources\shopping_data_cleaned.csv 
,DataViz-Online\03-Lesson-Plans\18-Lessons\1\Activities\04-Evr_Preprocessing\Resources\marathon_results_2019.csv ,DataViz-Online\03-Lesson-Plans\18-Lessons\1\Activities\06-Stu_KMeans\Resources\marathon_results_2019.csv ,DataViz-Online\03-Lesson-Plans\18-Lessons\2\Activities\03-Evr_PCA\Resources\marathon_results_2019.csv 
,DataViz-Lesson-Plans\01-Lesson-Plans\03-Python\3\Activities\01-Stu_CerealCleaner\Resources\cereal_bonus.csv 
,DataViz-Online\03-Lesson-Plans\18-Lessons\2\Activities\04-Ins_Hierarchical_Clustering\Resources\breast_cancer.csv 
,DataViz-Online\03-Lesson-Plans\18-Lessons\2\Activities\04-Ins_Hierarchical_Clustering\Resources\eurovision.csv 
,DataViz-Online\03-Lesson-Plans\18-Lessons\2\Activities\05-Stu_Hierarchical_Clustering\Resources\wholesale_customers.csv 
,nflx-adv-data\01-Lesson-Plans\01-Introduction\02-Programming_With_Python\Activities\03_Ins_ReadWriteCSV\Resources\accounting_masked.csv 
,nflx-adv-data\01-Lesson-Plans\02-Pandas\01-Exploring_Python_Pandas\Activities\02-Stu_BakeryTreats\Resources\bakerytreats.csv 
,nflx-adv-data\01-Lesson-Plans\02-Pandas\01-Exploring_Python_Pandas\Activities\03-Ins_ReadingWritingCSV\Resources\DataOne.csv ,nflx-adv-data\01-Lesson-Plans\02-Pandas\01-Exploring_Python_Pandas\Activities\03-Ins_ReadingWritingCSV\Solved\Output\fileOne.csv ,DataViz-Lesson-Plans\01-Lesson-Plans\04-Pandas\1\Activities\09-Ins_ReadingWritingCSV\Solved\Output\fileOne.csv ,DataViz-Lesson-Plans\01-Lesson-Plans\04-Pandas\1\Activities\09-Ins_ReadingWritingCSV\Solved\Resources\DataOne.csv 
,nflx-adv-data\01-Lesson-Plans\02-Pandas\01-Exploring_Python_Pandas\Activities\04-Stu_StatePopulations\Resources\state_list_with_population.csv 
,nflx-adv-data\01-Lesson-Plans\02-Pandas\01-Exploring_Python_Pandas\Activities\06-Evr_IoTReadings\Resources\iot_temp_data.csv 
,nflx-adv-data\01-Lesson-Plans\02-Pandas\01-Exploring_Python_Pandas\Activities\06-Evr_IoTReadings\Solved\temp_output.csv 
,nflx-adv-data\01-Lesson-Plans\02-Pandas\02-DataFrame_Operations\Activities\02-Stu_CustomerData\Resources\customers.csv 
,nflx-adv-data\01-Lesson-Plans\02-Pandas\02-DataFrame_Operations\Activities\02-Stu_CustomerData\Resources\orders.csv 
,nflx-adv-data\01-Lesson-Plans\02-Pandas\02-DataFrame_Operations\Activities\04-Evr_IncomeDistribution\Resources\income_distribution.csv ,nflx-adv-data\01-Lesson-Plans\02-Pandas\02-DataFrame_Operations\Activities\04-Evr_IncomeDistribution\Solved\income_distribution.csv 
,DataViz-Lesson-Plans\01-Lesson-Plans\03-Python\3\Extra_Content\Stu_Email\Resources\employees.csv 
,nflx-adv-data\01-Lesson-Plans\02-Pandas\02-DataFrame_Operations\Activities\05-Stu_CarPurchases\Resources\new-vehicles.csv 
,nflx-adv-data\01-Lesson-Plans\02-Pandas\02-DataFrame_Operations\Activities\06-Ins_BookSales\Resources\book_sales.csv 
,nflx-adv-data\01-Lesson-Plans\02-Pandas\02-DataFrame_Operations\Activities\07-Stu_ExamScores\Resources\exam_scores.csv 
,nflx-adv-data\01-Lesson-Plans\03-Matplotlib\01-Day\Activities\12-Stu_GroupPlots\Resources\JC-202010-citibike-tripdata.csv 
,nflx-adv-data\01-Lesson-Plans\03-Matplotlib\02-Day\Activities\06-Ins_StackBarChart\Resources\pyber_ridercount.csv ,nflx-adv-data\01-Lesson-Plans\03-Matplotlib\02-Day\Activities\07-Ins_ErrorBar\Resources\pyber_ridercount.csv 
,nflx-adv-data\01-Lesson-Plans\03-Matplotlib\02-Day\Activities\08-Stu_StackBarChart\Resources\sa_minefields.csv 
,nflx-adv-data\01-Lesson-Plans\04-Exploratory_Data_Analysis\01-Interactive_Python_Plots_with_Plotly\Activities\08-Evr_Normal_Distributions\Resources\students.csv 
,nflx-adv-data\01-Lesson-Plans\04-Exploratory_Data_Analysis\02-Summary_Statistics_and_Regression_in_Python\Activities\05-Stu_Olympics\Resources\dictionary.csv 
,nflx-adv-data\01-Lesson-Plans\04-Exploratory_Data_Analysis\02-Summary_Statistics_and_Regression_in_Python\Activities\05-Stu_Olympics\Resources\winter.csv 
,nflx-adv-data\01-Lesson-Plans\05-Stats\01-HypothesisTesting_and_P-Values\Activities\03-Ins_FitsAndRegression\Resources\BostonHousing.csv 
,nflx-adv-data\01-Lesson-Plans\05-Stats\01-HypothesisTesting_and_P-Values\Activities\04-Stu_BostonHousing\Resources\crime_data.csv 
,nflx-adv-data\01-Lesson-Plans\05-Stats\01-HypothesisTesting_and_P-Values\Activities\06-Stu_ExpandingRegression\Resources\IMDB_regression.csv 
,nflx-adv-data\01-Lesson-Plans\05-Stats\02-Sampling_Experimentation_ConfidenceIntervals\Activities\01-Ins_BaltimoreTrails\Resources\baltimoretrails.csv 
,nflx-adv-data\01-Lesson-Plans\05-Stats\02-Sampling_Experimentation_ConfidenceIntervals\Activities\02-Stu_BitcoinSamples\Resources\Bitcoin.csv 
,nflx-adv-data\01-Lesson-Plans\05-Stats\02-Sampling_Experimentation_ConfidenceIntervals\Activities\04-Stu_Sardines\Resources\sardines.csv 
,nflx-adv-data\01-Lesson-Plans\05-Stats\02-Sampling_Experimentation_ConfidenceIntervals\Activities\06-Stu_ANOVA\Resources\insurance.csv 
,nflx-adv-data\01-Lesson-Plans\05-Stats\02-Sampling_Experimentation_ConfidenceIntervals\Activities\07-Ins_MaleHeight\Resources\MaleHeight.csv 
,nflx-adv-data\01-Lesson-Plans\05-Stats\02-Sampling_Experimentation_ConfidenceIntervals\Activities\08-Stu_MarathonFinishTimes\Resources\MarathonFinishTimes.csv 
,nflx-adv-data\01-Lesson-Plans\05-Stats\03-ScientificMethod_DataReporting\Activities\01-Ins_AirbnbAnalysis\Resources\availabilities.csv 
,nflx-adv-data\01-Lesson-Plans\05-Stats\03-ScientificMethod_DataReporting\Activities\01-Ins_AirbnbAnalysis\Resources\hosts.csv 
,nflx-adv-data\01-Lesson-Plans\05-Stats\03-ScientificMethod_DataReporting\Activities\02-Stu_AirbnbListings\Resources\listings.csv 
,nflx-adv-data\01-Lesson-Plans\05-Stats\03-ScientificMethod_DataReporting\Activities\03-Stu_Bestsellers\Resources\amazon_bestsellers.csv 
,nflx-adv-data\01-Lesson-Plans\05-Stats\03-ScientificMethod_DataReporting\Activities\04-Ins_BrentOil\Resources\BrentOilPrices.csv 
,nflx-adv-data\01-Lesson-Plans\05-Stats\03-ScientificMethod_DataReporting\Activities\05-Stu_HospitalStaffing\Resources\hospital_staffing.csv 
,nflx-adv-data\01-Lesson-Plans\05-Stats\03-ScientificMethod_DataReporting\Activities\06-Ins_DirectoryOfConcessions\Resources\directory_of_concessions.csv 
,nflx-adv-data\01-Lesson-Plans\05-Stats\03-ScientificMethod_DataReporting\Activities\07-Stu_DelayedFlights\Resources\delayed_flights.csv ,nflx-adv-data\01-Lesson-Plans\05-Stats\03-ScientificMethod_DataReporting\Activities\09-Stu_DelayedFlightsAnalysis\Resources\delayed_flights.csv 
,nflx-adv-data\01-Lesson-Plans\05-Stats\03-ScientificMethod_DataReporting\Activities\08-Ins_SalaryAnalysis\Resources\Salaries.csv 
,nflx-adv-data\01-Lesson-Plans\07-PySpark\02-Querying_Big_Data_With_PySpark\Activities\01-Ins_ReadingFromS3\Resources\running.csv 
,nflx-adv-data\01-Lesson-Plans\07-PySpark\02-Querying_Big_Data_With_PySpark\Activities\02-Stu_AvocadoPrices\Resources\avocado.csv 
,nflx-adv-data\01-Lesson-Plans\07-PySpark\02-Querying_Big_Data_With_PySpark\Activities\03-Ins_PCardTransactions\Resources\pcard_transactions.csv 
,nflx-adv-data\01-Lesson-Plans\07-PySpark\02-Querying_Big_Data_With_PySpark\Activities\04-Stu_RetailTransactions\Resources\retail_transactions.csv 
,DataViz-Lesson-Plans\01-Lesson-Plans\02-VBA-Scripting\3\Activities\07-Stu_WellsFargo_Pt1\Unsolved\RAW\California_Wells_Fargo_Bank_Deposits.csv 
,DataViz-Lesson-Plans\01-Lesson-Plans\04-Pandas\1\Activities\10-Stu_GoodReadsCSV\Solved\Resources\books.csv ,DataViz-Lesson-Plans\01-Lesson-Plans\04-Pandas\1\Activities\10-Stu_GoodReadsCSV\Unsolved\Resources\books.csv 
,nflx-adv-data\01-Lesson-Plans\07-PySpark\02-Querying_Big_Data_With_PySpark\Activities\07-Ins_RestaurantWeek\Resources\restaurant_week.csv 
,nflx-adv-data\01-Lesson-Plans\07-PySpark\02-Querying_Big_Data_With_PySpark\Activities\08-Stu_MichelinStarDining\Resources\michelin_star_dining.csv 
,nflx-adv-data\01-Lesson-Plans\07-PySpark\02-Querying_Big_Data_With_PySpark\Activities\09-Ins_MadridAirbnbETL\Resources\listings.csv 
,nflx-adv-data\01-Lesson-Plans\07-PySpark\02-Querying_Big_Data_With_PySpark\Activities\10-Stu_ZillowHousingPricesETL\Resources\zillow_housing_prices.csv 
,nflx-adv-data\01-Lesson-Plans\07-PySpark\02-Querying_Big_Data_With_PySpark\Activities\11-Ins_RainfallTemperature\Resources\rainfall_temperature.csv 
,nflx-adv-data\01-Lesson-Plans\07-PySpark\02-Querying_Big_Data_With_PySpark\Activities\12-Stu_AdvertisingSpend\Resources\AdvertisingSpend.csv 
,nflx-adv-data\01-Lesson-Plans\08-Optimizing_PySpark\01-Advanced_Spark\Activities\02-Ins_SparkSQL\Resources\better_netflix_titles.csv 
,nflx-adv-data\01-Lesson-Plans\08-Optimizing_PySpark\01-Advanced_Spark\Activities\03-Stu-Olympic_Medals\Resources\athlete_events.csv 
,nflx-adv-data\01-Lesson-Plans\08-Optimizing_PySpark\01-Advanced_Spark\Resources\employee_data.csv 
,nflx-adv-data\01-Lesson-Plans\08-Optimizing_PySpark\01-Advanced_Spark\Resources\JobRole_lookup - JobRole_lookup.csv 
,nflx-adv-data\01-Lesson-Plans\08-Optimizing_PySpark\01-Advanced_Spark\Resources\JobRole_lookup - JobRole_lookup.csv 
,nflx-adv-data\01-Lesson-Plans\08-Optimizing_PySpark\03-Caching_Spark\Activities\01-Ins_Cache\Resources\airport_codes.csv ,nflx-adv-data\01-Lesson-Plans\08-Optimizing_PySpark\03-Caching_Spark\Resources\airport_codes.csv 
,nflx-adv-data\01-Lesson-Plans\08-Optimizing_PySpark\03-Caching_Spark\Activities\02-Stu_Cache\Resources\airportCodes.csv ,nflx-adv-data\02-Assignments\08-Optimizing_PySpark\03-SkillDrill\Resources\airportCodes.csv 
,nflx-adv-data\01-Lesson-Plans\09-Statistical_Modeling\01-Statistical_Modeling_Using_Linear_and_Logistic_Regression\Activities\03-Stu_Linear_Regression\Resources\smoking.csv 
,nflx-adv-data\01-Lesson-Plans\09-Statistical_Modeling\01-Statistical_Modeling_Using_Linear_and_Logistic_Regression\Activities\05-Stu_Logistic_Regression\Resources\heart.csv ,nflx-adv-data\01-Lesson-Plans\10-Machine_Learning\01-ML_Day1\Activities\02-Stu_KNN\Resources\heart.csv 
,nflx-adv-data\01-Lesson-Plans\09-Statistical_Modeling\02-Statistical_Modeling_Design\Activities\01-Ins_Balance_Train_Test_Split\Resources\creditcard.csv ,nflx-adv-data\01-Lesson-Plans\09-Statistical_Modeling\02-Statistical_Modeling_Design\Activities\03-Ins_Power_Analysis\Resources\creditcard.csv ,nflx-adv-data\01-Lesson-Plans\09-Statistical_Modeling\02-Statistical_Modeling_Design\Activities\07-Ins_Validation_Strategies\Resources\creditcard.csv 
,nflx-adv-data\01-Lesson-Plans\09-Statistical_Modeling\02-Statistical_Modeling_Design\Activities\02-Stu_Balancing\Resources\bank_clean.csv ,nflx-adv-data\01-Lesson-Plans\09-Statistical_Modeling\02-Statistical_Modeling_Design\Activities\04-Stu_Power\Resources\bank_clean.csv 
,nflx-adv-data\01-Lesson-Plans\09-Statistical_Modeling\02-Statistical_Modeling_Design\Activities\06-Stu_Confusion\Resources\churn.csv ,nflx-adv-data\01-Lesson-Plans\09-Statistical_Modeling\02-Statistical_Modeling_Design\Activities\08-Stu_Validation\Resources\churn.csv 
,DataViz-Lesson-Plans\01-Lesson-Plans\04-Pandas\1\Activities\11-Stu_GoodReadsSummary\Solved\Resources\books_clean.csv ,DataViz-Lesson-Plans\01-Lesson-Plans\04-Pandas\1\Activities\11-Stu_GoodReadsSummary\Unsolved\Resources\books_clean.csv 
,nflx-adv-data\01-Lesson-Plans\09-Statistical_Modeling\02-Statistical_Modeling_Design\Activities\07-Ins_Validation_Strategies\Resources\adult-all.csv 
,nflx-adv-data\01-Lesson-Plans\09-Statistical_Modeling\02-Statistical_Modeling_Design\Activities\07-Ins_Validation_Strategies\Resources\sonar.csv 
,nflx-adv-data\01-Lesson-Plans\09-Statistical_Modeling\03-Linear_Algebra_and_PCA\Activities\01-Ins_Colinearity\Resources\salary.csv , 
,nflx-adv-data\01-Lesson-Plans\09-Statistical_Modeling\03-Linear_Algebra_and_PCA\Activities\02-Stu_Colinearity\Resources\airline_survey.csv , 
,nflx-adv-data\01-Lesson-Plans\09-Statistical_Modeling\03-Linear_Algebra_and_PCA\Activities\05-Ins_PCA\Resources\properties.csv 
,nflx-adv-data\01-Lesson-Plans\09-Statistical_Modeling\03-Linear_Algebra_and_PCA\Activities\06-Stu_PCA\Resources\BigMartSales.csv 
,nflx-adv-data\01-Lesson-Plans\09-Statistical_Modeling\03-Linear_Algebra_and_PCA\Activities\08-Stu_ANOVA_Feature_Selection\Resources\responses.csv ,nflx-adv-data\01-Lesson-Plans\10-Machine_Learning\01-ML_Day1\Activities\05-Evr_Selection_Bias\Resources\responses.csv 
,nflx-adv-data\01-Lesson-Plans\10-Machine_Learning\01-ML_Day1\Activities\03-Ins_HighBias_HighVariance\Resources\mushrooms.csv ,nflx-adv-data\01-Lesson-Plans\10-Machine_Learning\03-RandomForests\Activities\02-Stu_MushroomForest\Resources\mushrooms.csv ,nflx-adv-data\01-Lesson-Plans\10-Machine_Learning\03-RandomForests\Activities\03-Ins_Forest-Features\Resources\mushrooms.csv 
,nflx-adv-data\01-Lesson-Plans\10-Machine_Learning\01-ML_Day1\Activities\04-Stu_Assessing_Fit\Resources\Stars.csv 
,nflx-adv-data\01-Lesson-Plans\10-Machine_Learning\02-ML_Day2\Activities\02-Stu_KMeans_In_Action\Resources\shopping_data_cleaned.csv 
,nflx-adv-data\01-Lesson-Plans\10-Machine_Learning\02-ML_Day2\Activities\04-Stu_RidgeReg\Resources\residential-building.csv ,nflx-adv-data\01-Lesson-Plans\10-Machine_Learning\02-ML_Day2\Activities\06-Stu_LassoFeature\Resources\residential-building.csv 
,nflx-adv-data\01-Lesson-Plans\10-Machine_Learning\02-ML_Day2\Activities\06-Stu_LassoFeature\Resources\blogData_test-2012.03.31.01_00.csv 
,nflx-adv-data\01-Lesson-Plans\10-Machine_Learning\02-ML_Day2\Activities\06-Stu_LassoFeature\Resources\blogData_train.csv 
,nflx-adv-data\01-Lesson-Plans\10-Machine_Learning\02-ML_Day2\Activities\06-Stu_LassoFeature\Resources\communities.csv 
,nflx-adv-data\01-Lesson-Plans\10-Machine_Learning\02-ML_Day2\Activities\06-Stu_LassoFeature\Resources\OnlineNewsPopularity.csv 
,nflx-adv-data\01-Lesson-Plans\10-Machine_Learning\02-ML_Day2\Activities\06-Stu_LassoFeature\Resources\SkillCraft1_Dataset.csv 
,nflx-adv-data\02-Assignments\01-Introduction\02-Programming_With_Python\Resources\yahoo_stock.csv 
,nflx-adv-data\02-Assignments\02-Pandas\01-SkillDrill\Resources\ratings_and_sentiments.csv 
,nflx-adv-data\02-Assignments\02-Pandas\02-SkillDrill\Resources\team-1.csv 
,nflx-adv-data\02-Assignments\02-Pandas\02-SkillDrill\Resources\team-2.csv 
,nflx-adv-data\02-Assignments\02-Pandas\02-SkillDrill\Solved\melted_running_df.csv 
,nflx-adv-data\02-Assignments\02-Pandas\03-SkillDrill\Resources\pools.csv 
,nflx-adv-data\02-Assignments\03-Matplotlib\01-Plotting_With_Matplotlib\Resources\Study_results.csv ,nflx-adv-data\02-Assignments\03-Matplotlib\02-Making_Matplotlib_Magic\Resources\Study_results.csv 
,nflx-adv-data\02-Assignments\04-Exploratory_Data_Analysis\01-Stock_Correlation\Resources\stocks.csv 
,nflx-adv-data\02-Assignments\05-Stats\01-SkillDrill\Resources\autos.csv 
,nflx-adv-data\02-Assignments\05-Stats\01-SkillDrill\Resources\bikecounts.csv 
,nflx-adv-data\02-Assignments\05-Stats\02-SkillDrill\Resources\mn_weather.csv 
,nflx-adv-data\02-Assignments\05-Stats\02-SkillDrill\Resources\players_stats.csv 
,nflx-adv-data\02-Assignments\05-Stats\02-SkillDrill\Resources\property_sales.csv 
,nflx-adv-data\02-Assignments\05-Stats\02-SkillDrill\Resources\scores.csv 
,nflx-adv-data\02-Assignments\06-SQL\01-SQL\Resources\salaries.csv 
,nflx-adv-data\02-Assignments\09-Statistical_Modeling\01-SkillDrill\Resources\titanic.csv 
,nflx-adv-data\02-Assignments\09-Statistical_Modeling\02-SkillDrill\Resources\HREmployeeAttrition.csv 
,nflx-adv-data\02-Assignments\09-Statistical_Modeling\03-SkillDrill\Resources\CarPrices.csv 
,nflx-adv-data\02-Assignments\10-Machine_Learning\01-Unit_9_Assessment\Solved\promotion_data.csv ,nflx-adv-data\02-Assignments\10-Machine_Learning\01-Unit_9_Assessment\Unsolved\promotion_data.csv 
,nflx-adv-data\02-Assignments\10-Machine_Learning\02-SkillDrill\Resources\wine.csv 
,nflx-adv-data\02-Assignments\10-Machine_Learning\03-SkillDrill\Resources\promotions.csv 
,DataViz-Lesson-Plans\01-Lesson-Plans\02-VBA-Scripting\3\Activities\07-Stu_WellsFargo_Pt1\Unsolved\RAW\Colorado_Wells_Fargo_Bank_Deposits.csv 
,DataViz-Lesson-Plans\01-Lesson-Plans\04-Pandas\2\Activities\07-Par_Pokedex-GroupBy\Solved\output\pokemon_rankings.csv 
,DataViz-Lesson-Plans\01-Lesson-Plans\04-Pandas\2\Activities\07-Par_Pokedex-GroupBy\Solved\Resources\Pokemon.csv ,DataViz-Lesson-Plans\01-Lesson-Plans\04-Pandas\2\Activities\07-Par_Pokedex-GroupBy\Unsolved\Resources\Pokemon.csv 
,DataViz-Lesson-Plans\01-Lesson-Plans\04-Pandas\2\Activities\08-Ins_Sorting\Solved\Resources\Happiness_2017.csv 
,DataViz-Lesson-Plans\01-Lesson-Plans\04-Pandas\2\Activities\09-Stu_SearchForTheWorst\Solved\Resources\Soccer2018Data.csv ,DataViz-Lesson-Plans\01-Lesson-Plans\04-Pandas\2\Activities\09-Stu_SearchForTheWorst\Unsolved\Resources\Soccer2018Data.csv 
,DataViz-Lesson-Plans\01-Lesson-Plans\02-VBA-Scripting\3\Activities\07-Stu_WellsFargo_Pt1\Unsolved\RAW\Connecticut_Wells_Fargo_Bank_Deposits.csv 
,DataViz-Lesson-Plans\01-Lesson-Plans\04-Pandas\3\Activities\06-Stu_CleaningKickstarter\Solved\Resources\KickstarterData.csv ,DataViz-Lesson-Plans\01-Lesson-Plans\04-Pandas\3\Activities\06-Stu_CleaningKickstarter\Unsolved\Resources\KickstarterData.csv 
,DataViz-Lesson-Plans\01-Lesson-Plans\04-Pandas\3\Activities\07-Ins_IntroToBugfixing\Solved\Resources\flavors_of_cacao.csv ,DataViz-Lesson-Plans\01-Lesson-Plans\04-Pandas\3\Activities\07-Ins_IntroToBugfixing\Unsolved\Resources\flavors_of_cacao.csv 
,DataViz-Lesson-Plans\01-Lesson-Plans\02-VBA-Scripting\3\Activities\07-Stu_WellsFargo_Pt1\Unsolved\RAW\Delaware_Wells_Fargo__Bank_Deposits.csv 
,DataViz-Lesson-Plans\01-Lesson-Plans\04-Pandas\3\Activities\08-Stu_BugfixingBonanza\Solved\Resources\EclipseBugs.csv ,DataViz-Lesson-Plans\01-Lesson-Plans\04-Pandas\3\Activities\08-Stu_BugfixingBonanza\Unsolved\Resources\EclipseBugs.csv 
,DataViz-Lesson-Plans\01-Lesson-Plans\04-Pandas\Extra_Content\Activities\03-Stu_Project_Part_1\Solved\Resources\2016-FCC-New-Coders-Survey-Data.csv ,DataViz-Lesson-Plans\01-Lesson-Plans\04-Pandas\Extra_Content\Activities\03-Stu_Project_Part_1\Unsolved\Resources\2016-FCC-New-Coders-Survey-Data.csv ,DataViz-Lesson-Plans\01-Lesson-Plans\04-Pandas\Extra_Content\Activities\04-Stu_Project_Part_2\Solved\Resources\2016-FCC-New-Coders-Survey-Data.csv ,DataViz-Lesson-Plans\01-Lesson-Plans\04-Pandas\Extra_Content\Activities\04-Stu_Project_Part_2\Unsolved\Resources\2016-FCC-New-Coders-Survey-Data.csv 
